PRODUTOS X INSUMOS UAIT;;;;;;;;;;;;;
ÁREA;CÓDIGO GRC - CÓDIGO SIAC;DESCRIÇÃO DO PRODUTO;INSTRUMENTO - FOCO TEMÁTICO;ENTIDADE - AUTORA;AUTORA - RESPO.;SITUAÇÃO;ATIVO;Por participante?;Quantidade (unidade);Código RM;Descrição do Insumo;Detalhamento;
DESIGN;BA00000000005/0 - 40000000606;DESIGN - Design de Moda;Consultoria - Inovação;SEBRAE - BAHIA;UAIT - UAIT;Aprovado;Sim;NÃO;1;02.01.0999 ;Serviços Prestados Consultoria ;;
DESIGN;BA00000000006/0 - 40000000606;DESIGN - Design de Rótulos e Embalagens;Consultoria - Inovação;SEBRAE - BAHIA;UAIT - UAIT;Aprovado;Sim;NÃO;1;02.01.0999 ;Serviços Prestados Consultoria ;;
QUALIDADE- continuação;BA00000000011/0 - 40000000606;QUALIDADE - Programa Alimentos Seguros - MEI;Consultoria Coletiva- Inovação;SEBRAE - BAHIA;UAIT - UAIT;Aprovado;Sim;NÃO;1;01.08.0010 ;Caixa de Som ;;
QUALIDADE;BA00000000011/0 - 40000000606;QUALIDADE - Programa Alimentos Seguros - MEI;Consultoria Coletiva- Inovação;SEBRAE - BAHIA;UAIT - UAIT;Aprovado;Sim;NÃO;1;02.01.0046 ;Evento/Computador ;;
QUALIDADE;BA00000000011/0 - 40000000606;QUALIDADE - Programa Alimentos Seguros - MEI;Consultoria Coletiva- Inovação;SEBRAE - BAHIA;UAIT - UAIT;Aprovado;Sim;NÃO;1;02.01.0054 ;Evento/Flip Chart ;;
QUALIDADE- continuação;BA00000000011/0 - 40000000606;QUALIDADE - Programa Alimentos Seguros - MEI;Consultoria Coletiva- Inovação;SEBRAE - BAHIA;UAIT - UAIT;Aprovado;Sim;NÃO;1;02.01.0263 ;Evento/Projetor multimídia com rack - Tipo 1 ;;
QUALIDADE;BA00000000011/0 - 40000000606;QUALIDADE - Programa Alimentos Seguros - MEI;Consultoria Coletiva- Inovação;SEBRAE - BAHIA;UAIT - UAIT;Aprovado;Sim;NÃO;1;01.02.0045;Expediente/Barbante 4/8;;
QUALIDADE;BA00000000011/0 - 40000000606;QUALIDADE - Programa Alimentos Seguros - MEI;Consultoria Coletiva- Inovação;SEBRAE - BAHIA;UAIT - UAIT;Aprovado;Sim;NÃO;5;01.02.0256;Expediente/Cola Líquida Branca - 90gr;;
QUALIDADE;BA00000000011/0 - 40000000606;QUALIDADE - Programa Alimentos Seguros - MEI;Consultoria Coletiva- Inovação;SEBRAE - BAHIA;UAIT - UAIT;Aprovado;Sim;NÃO;10;01.02.0090;Expediente/Papel Cartolina - Amarela;pode ser de Cores diversas;
QUALIDADE;BA00000000011/0 - 40000000606;QUALIDADE - Programa Alimentos Seguros - MEI;Consultoria Coletiva- Inovação;SEBRAE - BAHIA;UAIT - UAIT;Aprovado;Sim;NÃO;20;01.02.0179;Expediente/Papel Flip Chart;;
QUALIDADE;BA00000000011/0 - 40000000606;QUALIDADE - Programa Alimentos Seguros - MEI;Consultoria Coletiva- Inovação;SEBRAE - BAHIA;UAIT - UAIT;Aprovado;Sim;NÃO;50;01.02.0086;Expediente/Papel Ofício A4 - 210x297mm - Produto Sustentável;;
QUALIDADE;BA00000000011/0 - 40000000606;QUALIDADE - Programa Alimentos Seguros - MEI;Consultoria Coletiva- Inovação;SEBRAE - BAHIA;UAIT - UAIT;Aprovado;Sim;NÃO;2;01.02.0120;Expediente/Pincel Atômico Espessura  2/4.5/8 mm - Azul;;
QUALIDADE;BA00000000011/0 - 40000000606;QUALIDADE - Programa Alimentos Seguros - MEI;Consultoria Coletiva- Inovação;SEBRAE - BAHIA;UAIT - UAIT;Aprovado;Sim;NÃO;2;01.02.0190;Expediente/Pincel Atômico Espessura  2/4.5/8 mm - Preto;;
QUALIDADE;BA00000000011/0 - 40000000606;QUALIDADE - Programa Alimentos Seguros - MEI;Consultoria Coletiva- Inovação;SEBRAE - BAHIA;UAIT - UAIT;Aprovado;Sim;NÃO;1;01.02.0345;Expediente/Pincel Atômico Espessura  2/4.5/8 mm - Verde;;
QUALIDADE;BA00000000011/0 - 40000000606;QUALIDADE - Programa Alimentos Seguros - MEI;Consultoria Coletiva- Inovação;SEBRAE - BAHIA;UAIT - UAIT;Aprovado;Sim;NÃO;1;01.02.0346;Expediente/Pincel Atômico Espessura  2/4.5/8 mm - Vermelha;;
QUALIDADE;BA00000000011/0 - 40000000606;QUALIDADE - Programa Alimentos Seguros - MEI;Consultoria Coletiva- Inovação;SEBRAE - BAHIA;UAIT - UAIT;Aprovado;Sim;NÃO;5;01.02.0135;Expediente/Tesoura Escolar - 15cm;;
QUALIDADE;BA00000000011/0 - 40000000606;QUALIDADE - Programa Alimentos Seguros - MEI;Consultoria Coletiva- Inovação;SEBRAE - BAHIA;UAIT - UAIT;Aprovado;Sim;NÃO;1;02.01.0999 ;Serviços Prestados Consultoria ;;
QUALIDADE;BA00000000011/0 - 40000000606;QUALIDADE - Programa Alimentos Seguros - MEI;Consultoria Coletiva- Inovação;SEBRAE - BAHIA;UAIT - UAIT;Aprovado;Sim;NÃO;1;01.06.0593;Soluções de Inovação/Guia do Educador- PAS-MEI;;
QUALIDADE;BA00000000011/0 - 40000000606;QUALIDADE - Programa Alimentos Seguros - MEI;Consultoria Coletiva- Inovação;SEBRAE - BAHIA;UAIT - UAIT;Aprovado;Sim;NÃO;1;01.06.0606;Soluções de Inovação/SLIDE PARA APRESENTAÇÃO;;
QUALIDADE- continuação;BA00000000011/0 - 40000000606;QUALIDADE - Programa Alimentos Seguros - MEI;Consultoria Coletiva- Inovação;SEBRAE - BAHIA;UAIT - UAIT;Aprovado;Sim;NÃO;1;01.08.0057 ;Tela de Projeção ;;
QUALIDADE;BA00000000011/0 - 40000000606;QUALIDADE - Programa Alimentos Seguros - MEI;Consultoria Coletiva- Inovação;SEBRAE - BAHIA;UAIT - UAIT;Aprovado;Sim;SIM;1;02.01.0501;Gráfica/Certificado - Matriz- Produto Sustentavel;;
QUALIDADE;BA00000000011/0 - 40000000606;QUALIDADE - Programa Alimentos Seguros - MEI;Consultoria Coletiva- Inovação;SEBRAE - BAHIA;UAIT - UAIT;Aprovado;Sim;SIM;1;01.02.0037;Expediente/Crachá Plástico com Prendedor - PCT 50;;
QUALIDADE;BA00000000011/0 - 40000000606;QUALIDADE - Programa Alimentos Seguros - MEI;Consultoria Coletiva- Inovação;SEBRAE - BAHIA;UAIT - UAIT;Aprovado;Sim;SIM;1;02.01.0487;Gráfica/Bloco de Anotação - Matriz - Produto Sustentável;;
QUALIDADE;BA00000000011/0 - 40000000606;QUALIDADE - Programa Alimentos Seguros - MEI;Consultoria Coletiva- Inovação;SEBRAE - BAHIA;UAIT - UAIT;Aprovado;Sim;SIM;1;02.01.0485;Gráfica/Cartão para Crachá - Matriz - Produto Sustentável;;
QUALIDADE;BA00000000011/0 - 40000000606;QUALIDADE - Programa Alimentos Seguros - MEI;Consultoria Coletiva- Inovação;SEBRAE - BAHIA;UAIT - UAIT;Aprovado;Sim;SIM;1;01.06.0237;Matriz/Caneta - Produto Sustentável;;
QUALIDADE;BA00000000011/0 - 40000000606;QUALIDADE - Programa Alimentos Seguros - MEI;Consultoria Coletiva- Inovação;SEBRAE - BAHIA;UAIT - UAIT;Aprovado;Sim;SIM;1;01.06.0558;Soluções de Inovação /MP - Cartilhas do Manipulador  PAS MEI;;
QUALIDADE;BA00000000012/0 - 40000000606;QUALIDADE - Programa Alimentos Seguros - Mesa;Consultoria - Inovação;SEBRAE - BAHIA;UAIT - UAIT;Aprovado;Sim;NÃO;1;02.01.0999 ;Serviços Prestados Consultoria ;;
QUALIDADE;BA00000000013/0 - 40000000606;QUALIDADE - Programa Alimentos Seguros - Indústria;Consultoria - Inovação;SEBRAE - BAHIA;UAIT - UAIT;Aprovado;Sim;NÃO;1;02.01.0999 ;Serviços Prestados Consultoria ;;
QUALIDADE;BA00000000014/0 - 40000000606;QUALIDADE - Programa Alimentos Seguros - Distribuição;Consultoria - Inovação;SEBRAE - BAHIA;UAIT - UAIT;Aprovado;Sim;NÃO;1;02.01.0999 ;Serviços Prestados Consultoria ;;
QUALIDADE;BA00000000015/0 - 40000000606;QUALIDADE - Calibração de Instrumentos;Consultoria - Inovação;SEBRAE - BAHIA;UAIT - UAIT;Aprovado;Sim;NÃO;1;02.01.0999 ;Serviços Prestados Consultoria ;;
QUALIDADE;BA00000000016/0 - 40000000606;QUALIDADE - Qualidade - ISO 9001;Consultoria - Inovação;SEBRAE - BAHIA;UAIT - UAIT;Aprovado;Sim;NÃO;1;02.01.0999 ;Serviços Prestados Consultoria ;;
QUALIDADE;BA00000000017/0 - 40000000606;QUALIDADE - Qualidade - ISO 14001;Consultoria - Inovação;SEBRAE - BAHIA;UAIT - UAIT;Aprovado;Sim;NÃO;1;02.01.0999 ;Serviços Prestados Consultoria ;;
QUALIDADE;BA00000000018/0 - 40000000606;QUALIDADE - Qualidade - ISO 20000;Consultoria - Inovação;SEBRAE - BAHIA;UAIT - UAIT;Aprovado;Sim;NÃO;1;02.01.0999 ;Serviços Prestados Consultoria ;;
QUALIDADE;BA00000000019/0 - 40000000606;QUALIDADE - Preparação para PBQP-H;Consultoria - Inovação;SEBRAE - BAHIA;UAIT - UAIT;Projetos;Sim;NÃO;1;02.01.0999 ;Serviços Prestados Consultoria ;;
PRODUTIVIDADE;BA00000000021/0 - 40000000606;PRODUTIVIDADE - Métodos e técnicas de produção;Consultoria - Inovação;SEBRAE - BAHIA;UAIT - UAIT;Aprovado;Sim;NÃO;1;02.01.0999 ;Serviços Prestados Consultoria ;;
PROPRIEDADE INTELECTUAL;BA00000000022/0 - 40000000606;PROPRIEDADE INTELECTUAL - Registro de Marca;Consultoria - Inovação;SEBRAE - BAHIA;UAIT - UAIT;Aprovado;Sim;NÃO;1;02.01.0999 ;Serviços Prestados Consultoria ;;
PROPRIEDADE INTELECTUAL;BA00000000023/0 - 40000000606;PROPRIEDADE INTELECTUAL - Depósito de Patente de Modelo de Utilidade;Consultoria - Inovação;SEBRAE - BAHIA;UAIT - UAIT;Aprovado;Sim;NÃO;1;02.01.0999 ;Serviços Prestados Consultoria ;;
PRODUTIVIDADE-  continuação;BA00000000024/0 - 40000000606;PRODUTIVIDADE -Programa Alavancagem e Inovação - PA&I Indústria;Consultoria - Inovação;SEBRAE - BAHIA;UAIT - UAIT;Aprovado;Sim;NÃO;1;01.08.0010 ;Caixa de Som ;;
PRODUTIVIDADE;BA00000000024/0 - 40000000606;PRODUTIVIDADE -Programa Alavancagem e Inovação - PA&I Indústria;Consultoria - Inovação;SEBRAE - BAHIA;UAIT - UAIT;Aprovado;Sim;NÃO;1;02.01.0046 ;Evento/Computador ;;
PRODUTIVIDADE;BA00000000024/0 - 40000000606;PRODUTIVIDADE -Programa Alavancagem e Inovação - PA&I Indústria;Consultoria - Inovação;SEBRAE - BAHIA;UAIT - UAIT;Aprovado;Sim;NÃO;1;02.01.0054 ;Evento/Flip Chart ;;
PRODUTIVIDADE-  continuação;BA00000000024/0 - 40000000606;PRODUTIVIDADE -Programa Alavancagem e Inovação - PA&I Indústria;Consultoria - Inovação;SEBRAE - BAHIA;UAIT - UAIT;Aprovado;Sim;NÃO;1;02.01.0263 ;Evento/Projetor multimídia com rack - Tipo 1 ;;
PRODUTIVIDADE;BA00000000024/0 - 40000000606;PRODUTIVIDADE -Programa Alavancagem e Inovação - PA&I Indústria;Consultoria - Inovação;SEBRAE - BAHIA;UAIT - UAIT;Aprovado;Sim;NÃO;1;01.02.0045;Expediente/Barbante 4/8;;
PRODUTIVIDADE;BA00000000024/0 - 40000000606;PRODUTIVIDADE -Programa Alavancagem e Inovação - PA&I Indústria;Consultoria - Inovação;SEBRAE - BAHIA;UAIT - UAIT;Aprovado;Sim;NÃO;10;01.02.0016;Expediente/Borracha - Bicolor - Macia 52x18x7 mm;;
PRODUTIVIDADE;BA00000000024/0 - 40000000606;PRODUTIVIDADE -Programa Alavancagem e Inovação - PA&I Indústria;Consultoria - Inovação;SEBRAE - BAHIA;UAIT - UAIT;Aprovado;Sim;NÃO;5;01.02.0314;Expediente/Fita Adesiva - Crepe - 25x50;;
PRODUTIVIDADE;BA00000000024/0 - 40000000606;PRODUTIVIDADE -Programa Alavancagem e Inovação - PA&I Indústria;Consultoria - Inovação;SEBRAE - BAHIA;UAIT - UAIT;Aprovado;Sim;NÃO;30;01.02.0070;Expediente/Lápis Apontado - Preto - nº 02;;
PRODUTIVIDADE;BA00000000024/0 - 40000000606;PRODUTIVIDADE -Programa Alavancagem e Inovação - PA&I Indústria;Consultoria - Inovação;SEBRAE - BAHIA;UAIT - UAIT;Aprovado;Sim;NÃO;20;01.02.0084;Expediente/Palito de Madeira - Picolé;;
PRODUTIVIDADE;BA00000000024/0 - 40000000606;PRODUTIVIDADE -Programa Alavancagem e Inovação - PA&I Indústria;Consultoria - Inovação;SEBRAE - BAHIA;UAIT - UAIT;Aprovado;Sim;NÃO;5;01.02.0090;Expediente/Papel Cartolina - Amarela;Pode ser de cores diversas;
PRODUTIVIDADE;BA00000000024/0 - 40000000606;PRODUTIVIDADE -Programa Alavancagem e Inovação - PA&I Indústria;Consultoria - Inovação;SEBRAE - BAHIA;UAIT - UAIT;Aprovado;Sim;NÃO;20;01.02.0179;Expediente/Papel Flip Chart;;
PRODUTIVIDADE;BA00000000024/0 - 40000000606;PRODUTIVIDADE -Programa Alavancagem e Inovação - PA&I Indústria;Consultoria - Inovação;SEBRAE - BAHIA;UAIT - UAIT;Aprovado;Sim;NÃO;5;01.02.0120;Expediente/Pincel Atômico Espessura  2/4.5/8 mm - Azul;;
PRODUTIVIDADE;BA00000000024/0 - 40000000606;PRODUTIVIDADE -Programa Alavancagem e Inovação - PA&I Indústria;Consultoria - Inovação;SEBRAE - BAHIA;UAIT - UAIT;Aprovado;Sim;NÃO;5;01.02.0190;Expediente/Pincel Atômico Espessura  2/4.5/8 mm - Preto;;
PRODUTIVIDADE;BA00000000024/0 - 40000000606;PRODUTIVIDADE -Programa Alavancagem e Inovação - PA&I Indústria;Consultoria - Inovação;SEBRAE - BAHIA;UAIT - UAIT;Aprovado;Sim;NÃO;5;01.02.0345;Expediente/Pincel Atômico Espessura  2/4.5/8 mm - Verde;;
PRODUTIVIDADE;BA00000000024/0 - 40000000606;PRODUTIVIDADE -Programa Alavancagem e Inovação - PA&I Indústria;Consultoria - Inovação;SEBRAE - BAHIA;UAIT - UAIT;Aprovado;Sim;NÃO;5;01.02.0346;Expediente/Pincel Atômico Espessura  2/4.5/8 mm - Vermelha;;
PRODUTIVIDADE;BA00000000024/0 - 40000000606;PRODUTIVIDADE -Programa Alavancagem e Inovação - PA&I Indústria;Consultoria - Inovação;SEBRAE - BAHIA;UAIT - UAIT;Aprovado;Sim;NÃO;6;01.03.0073;Expediente/Prato descartável plástico - Pacote 10 unidades;;
PRODUTIVIDADE;BA00000000024/0 - 40000000606;PRODUTIVIDADE -Programa Alavancagem e Inovação - PA&I Indústria;Consultoria - Inovação;SEBRAE - BAHIA;UAIT - UAIT;Aprovado;Sim;NÃO;5;01.02.0129;Expediente/Régua Plástica - Transparente - 30 cm;;
PRODUTIVIDADE;BA00000000024/0 - 40000000606;PRODUTIVIDADE -Programa Alavancagem e Inovação - PA&I Indústria;Consultoria - Inovação;SEBRAE - BAHIA;UAIT - UAIT;Aprovado;Sim;NÃO;5;01.02.0135;Expediente/Tesoura Escolar - 15cm;;
PRODUTIVIDADE;BA00000000024/0 - 40000000606;PRODUTIVIDADE -Programa Alavancagem e Inovação - PA&I Indústria;Consultoria - Inovação;SEBRAE - BAHIA;UAIT - UAIT;Aprovado;Sim;NÃO;1;02.01.0999 ;Serviços Prestados Consultoria ;;
PRODUTIVIDADE;BA00000000024/0 - 40000000606;PRODUTIVIDADE -Programa Alavancagem e Inovação - PA&I Indústria;Consultoria - Inovação;SEBRAE - BAHIA;UAIT - UAIT;Aprovado;Sim;NÃO;1;01.06.0592;Soluções de Inovação/Guia do Educador- PA&I Indústria;;
PRODUTIVIDADE;BA00000000024/0 - 40000000606;PRODUTIVIDADE -Programa Alavancagem e Inovação - PA&I Indústria;Consultoria - Inovação;SEBRAE - BAHIA;UAIT - UAIT;Aprovado;Sim;NÃO;1;01.06.0606;Soluções de Inovação/SLIDE PARA APRESENTAÇÃO;;
PRODUTIVIDADE;BA00000000024/0 - 40000000606;PRODUTIVIDADE -Programa Alavancagem e Inovação - PA&I Indústria;Consultoria - Inovação;SEBRAE - BAHIA;UAIT - UAIT;Aprovado;Sim;NÃO;1;01.06.0606;Soluções de Inovação/SLIDE PARA APRESENTAÇÃO;;
PRODUTIVIDADE;BA00000000024/0 - 40000000606;PRODUTIVIDADE -Programa Alavancagem e Inovação - PA&I Indústria;Consultoria - Inovação;SEBRAE - BAHIA;UAIT - UAIT;Aprovado;Sim;NÃO;1;01.06.0606;Soluções de Inovação/SLIDE PARA APRESENTAÇÃO;;
PRODUTIVIDADE-  continuação;BA00000000024/0 - 40000000606;PRODUTIVIDADE -Programa Alavancagem e Inovação - PA&I Indústria;Consultoria - Inovação;SEBRAE - BAHIA;UAIT - UAIT;Aprovado;Sim;NÃO;1;01.08.0057 ;Tela de Projeção ;;
PRODUTIVIDADE;BA00000000024/0 - 40000000606;PRODUTIVIDADE -Programa Alavancagem e Inovação - PA&I Indústria;Consultoria - Inovação;SEBRAE - BAHIA;UAIT - UAIT;Aprovado;Sim;SIM;1;02.01.0492;Gráfica/Certificado - Matriz- Produto Sustentavel;;
PRODUTIVIDADE;BA00000000024/0 - 40000000606;PRODUTIVIDADE -Programa Alavancagem e Inovação - PA&I Indústria;Consultoria - Inovação;SEBRAE - BAHIA;UAIT - UAIT;Aprovado;Sim;SIM;1;01.02.0037;Expediente/Crachá Plástico com Prendedor - PCT 50;;
PRODUTIVIDADE;BA00000000024/0 - 40000000606;PRODUTIVIDADE -Programa Alavancagem e Inovação - PA&I Indústria;Consultoria - Inovação;SEBRAE - BAHIA;UAIT - UAIT;Aprovado;Sim;SIM;1;02.01.0487;Gráfica/Bloco de Anotação - Matriz - Produto Sustentável;;
PRODUTIVIDADE;BA00000000024/0 - 40000000606;PRODUTIVIDADE -Programa Alavancagem e Inovação - PA&I Indústria;Consultoria - Inovação;SEBRAE - BAHIA;UAIT - UAIT;Aprovado;Sim;SIM;1;02.01.0485;Gráfica/Cartão para Crachá - Matriz - Produto Sustentável;;
PRODUTIVIDADE;BA00000000024/0 - 40000000606;PRODUTIVIDADE -Programa Alavancagem e Inovação - PA&I Indústria;Consultoria - Inovação;SEBRAE - BAHIA;UAIT - UAIT;Aprovado;Sim;SIM;1;01.06.0237;Matriz/Caneta - Produto Sustentável;;
PRODUTIVIDADE;BA00000000024/0 - 40000000606;PRODUTIVIDADE -Programa Alavancagem e Inovação - PA&I Indústria;Consultoria - Inovação;SEBRAE - BAHIA;UAIT - UAIT;Aprovado;Sim;SIM;1;01.06.0601;Soluções de Inovação/MP -  PA&I;;
PRODUTIVIDADE;BA00000000024/0 - 40000000606;PRODUTIVIDADE -Programa Alavancagem e Inovação - PA&I Indústria;Consultoria - Inovação;SEBRAE - BAHIA;UAIT - UAIT;Aprovado;Sim;SIM;1;01.06.0607;Soluções de Inovação/Teste de Absorção de Conhecimento - PAI;;
PRODUTIVIDADE;BA00000000024/0 - 40000000606;PRODUTIVIDADE -Programa Alavancagem e Inovação - PA&I Indústria;Consultoria - Inovação;SEBRAE - BAHIA;UAIT - UAIT;Aprovado;Sim;SIM;1;01.06.0608;Soluções se Inovação/ Respostas 1º Teste de Absorção de Conhecimento;;
PRODUTIVIDADE;BA00000000026/0 - 40000000606;PRODUTIVIDADE - Processos de Software - Melhoria de Processos;Consultoria - Inovação;SEBRAE - BAHIA;UAIT - UAIT;Aprovado;Sim;NÃO;1;02.01.0999 ;Serviços Prestados Consultoria ;;
INOVAÇÃO;BA00000000028/0 - 40000000606;INOVAÇÃO - Tecnologias de produtos, processos e serviços;Consultoria - Inovação;SEBRAE - BAHIA;UAIT - UAIT;Aprovado;Sim;NÃO;1;02.01.0999 ;Serviços Prestados Consultoria ;;
SUSTENTABILIDADE;BA00000000030/0 - 40000000606;SUSTENTABILIDADE - Gestão de Resíduos Sólidos;Consultoria - Inovação;SEBRAE - BAHIA;UAIT - UAIT;Aprovado;Sim;NÃO;1;02.01.0999 ;Serviços Prestados Consultoria ;;
SUSTENTABILIDADE;BA00000000031/0 - 40000000606;SUSTENTABILIDADE - Serviços de Análises de Efluentes, Resíduos e Emissões Aéreas;Consultoria - Inovação;SEBRAE - BAHIA;UAIT - UAIT;Projetos;Sim;NÃO;1;02.01.0999 ;Serviços Prestados Consultoria ;;
SUSTENTABILIDADE;BA00000000032/0 - 40000000606;SUSTENTABILIDADE - Metodologia Sebrae de Redução do Desperdício - MSRD (Cinco Menos Que São Mais);Consultoria - Inovação;SEBRAE - BAHIA;UAIT - UAIT;Aprovado;Não;NÃO;1;02.01.0999 ;Serviços Prestados Consultoria ;;
SUSTENTABILIDADE;BA00000000033/0 - 40000000606;SUSTENTABILIDADE - Metodologia Sebrae de Redução do Desperdício - MSRD (Cinco Menos Que São Mais) -Microempreendedor Individual;Consultoria - Inovação;SEBRAE - BAHIA;UAIT - UAIT;Aprovado;Sim;NÃO;1;02.01.0999 ;Serviços Prestados Consultoria ;;
SUSTENTABILIDADE;BA00000000034/0 - 40000000606;SUSTENTABILIDADE - Eficiência Energética;Consultoria - Inovação;SEBRAE - BAHIA;UAIT - UAIT;Projetos;Sim;NÃO;1;02.01.0999 ;Serviços Prestados Consultoria ;;
SUSTENTABILIDADE;BA00000000035/0 - 40000000606;SUSTENTABILIDADE - Saúde e Segurança no Trabalho - PPRA e PCMSO;Consultoria - Inovação;SEBRAE - BAHIA;UAIT - UAIT;Estudos Preliminares;Sim;NÃO;1;02.01.0999 ;Serviços Prestados Consultoria ;;
SUSTENTABILIDADE;BA00000000036/0 - 40000000606;SUSTENTABILIDADE - Licenciamento Ambiental;Consultoria - Inovação;SEBRAE - BAHIA;UAIT - UAIT;Aprovado;Sim;NÃO;1;02.01.0999 ;Serviços Prestados Consultoria ;;
INOVAÇÃO;BA00000000045/0 - 40000000606;INOVAÇÃO - Estudo de Viabilidade Técnica e Econômica - EVTE;Consultoria - Inovação;SEBRAE - BAHIA;UAIT - UAIT;Aprovado;Sim;NÃO;1;02.01.0999 ;Serviços Prestados Consultoria ;;
QUALIDADE;BA00000000047/0 - 40000000606;QUALIDADE - Biotecnologia da Fermentação;Consultoria - Inovação;SEBRAE - BAHIA;UAIT - UAIT;Projetos;Sim;NÃO;1;02.01.0999 ;Serviços Prestados Consultoria ;;
QUALIDADE;BA00000000048/0 -40000000606;QUALIDADE - PAS com requisitos da norma ABNT NBR 15.635;Consultoria - Inovação;SEBRAE - BAHIA;UAIT - UAIT;Aprovado;Sim;NÃO;1;02.01.0999 ;Serviços Prestados Consultoria ;;
PRODUTIVIDADE-  continuação;BA00000000050/0 - 40000000606;PRODUTIVIDADE - Produtividade para Salão de Beleza - Método Hairsize;Consultoria - Inovação;SEBRAE - BAHIA;UAIT - UAIT;Aprovado;Sim;NÃO;1;01.08.0010 ;Caixa de Som ;;
PRODUTIVIDADE;BA00000000050/0 - 40000000606;PRODUTIVIDADE - Produtividade para Salão de Beleza - Método Hairsize;Consultoria - Inovação;SEBRAE - BAHIA;UAIT - UAIT;Aprovado;Sim;NÃO;1;02.01.0046 ;Evento/Computador ;;
PRODUTIVIDADE;BA00000000050/0 - 40000000606;PRODUTIVIDADE - Produtividade para Salão de Beleza - Método Hairsize;Consultoria - Inovação;SEBRAE - BAHIA;UAIT - UAIT;Aprovado;Sim;NÃO;1;02.01.0054 ;Evento/Flip Chart ;;
PRODUTIVIDADE-  continuação;BA00000000050/0 - 40000000606;PRODUTIVIDADE - Produtividade para Salão de Beleza - Método Hairsize;Consultoria - Inovação;SEBRAE - BAHIA;UAIT - UAIT;Aprovado;Sim;NÃO;1;02.01.0263 ;Evento/Projetor multimídia com rack - Tipo 1 ;;
PRODUTIVIDADE;BA00000000050/0 - 40000000606;PRODUTIVIDADE - Produtividade para Salão de Beleza - Método Hairsize;Consultoria - Inovação;SEBRAE - BAHIA;UAIT - UAIT;Aprovado;Sim;NÃO;20;01.02.0179;Expediente/Papel Flip Chart;;
PRODUTIVIDADE;BA00000000050/0 - 40000000606;PRODUTIVIDADE - Produtividade para Salão de Beleza - Método Hairsize;Consultoria - Inovação;SEBRAE - BAHIA;UAIT - UAIT;Aprovado;Sim;NÃO;2;01.02.0120;Expediente/Pincel Atômico Espessura  2/4.5/8 mm - Azul;;
PRODUTIVIDADE;BA00000000050/0 - 40000000606;PRODUTIVIDADE - Produtividade para Salão de Beleza - Método Hairsize;Consultoria - Inovação;SEBRAE - BAHIA;UAIT - UAIT;Aprovado;Sim;NÃO;2;01.02.0190;Expediente/Pincel Atômico Espessura  2/4.5/8 mm - Preto;;
PRODUTIVIDADE;BA00000000050/0 - 40000000606;PRODUTIVIDADE - Produtividade para Salão de Beleza - Método Hairsize;Consultoria - Inovação;SEBRAE - BAHIA;UAIT - UAIT;Aprovado;Sim;NÃO;1;01.02.0345;Expediente/Pincel Atômico Espessura  2/4.5/8 mm - Verde;;
PRODUTIVIDADE;BA00000000050/0 - 40000000606;PRODUTIVIDADE - Produtividade para Salão de Beleza - Método Hairsize;Consultoria - Inovação;SEBRAE - BAHIA;UAIT - UAIT;Aprovado;Sim;NÃO;1;01.02.0346;Expediente/Pincel Atômico Espessura  2/4.5/8 mm - Vermelha;;
PRODUTIVIDADE;BA00000000050/0 - 40000000606;PRODUTIVIDADE - Produtividade para Salão de Beleza - Método Hairsize;Consultoria - Inovação;SEBRAE - BAHIA;UAIT - UAIT;Aprovado;Sim;NÃO;1;02.01.0999 ;Serviços Prestados Consultoria ;;
PRODUTIVIDADE-  continuação;BA00000000050/0 - 40000000606;PRODUTIVIDADE - Produtividade para Salão de Beleza - Método Hairsize;Consultoria - Inovação;SEBRAE - BAHIA;UAIT - UAIT;Aprovado;Sim;NÃO;1;01.08.0057 ;Tela de Projeção ;;
PRODUTIVIDADE;BA00000000050/0 - 40000000606;PRODUTIVIDADE - Produtividade para Salão de Beleza - Método Hairsize;Consultoria - Inovação;SEBRAE - BAHIA;UAIT - UAIT;Aprovado;Sim;SIM;1;02.01.0490;Gráfica/Certificado - Matriz- Produto Sustentavel;;
PRODUTIVIDADE;BA00000000050/0 - 40000000606;PRODUTIVIDADE - Produtividade para Salão de Beleza - Método Hairsize;Consultoria - Inovação;SEBRAE - BAHIA;UAIT - UAIT;Aprovado;Sim;SIM;1;01.02.0037;Expediente/Crachá Plástico com Prendedor - PCT 50;;
PRODUTIVIDADE;BA00000000050/0 - 40000000606;PRODUTIVIDADE - Produtividade para Salão de Beleza - Método Hairsize;Consultoria - Inovação;SEBRAE - BAHIA;UAIT - UAIT;Aprovado;Sim;SIM;1;02.01.0487;Gráfica/Bloco de Anotação - Matriz - Produto Sustentável;;
PRODUTIVIDADE;BA00000000050/0 - 40000000606;PRODUTIVIDADE - Produtividade para Salão de Beleza - Método Hairsize;Consultoria - Inovação;SEBRAE - BAHIA;UAIT - UAIT;Aprovado;Sim;SIM;1;02.01.0485;Gráfica/Cartão para Crachá - Matriz - Produto Sustentável;;
PRODUTIVIDADE;BA00000000050/0 - 40000000606;PRODUTIVIDADE - Produtividade para Salão de Beleza - Método Hairsize;Consultoria - Inovação;SEBRAE - BAHIA;UAIT - UAIT;Aprovado;Sim;SIM;1;01.06.0237;Matriz/Caneta - Produto Sustentável;;
QUALIDADE;BA00000000051/0 - 40000000606;QUALIDADE - Serviços de análise microbiológica;Consultoria - Inovação;SEBRAE - BAHIA;UAIT - UAIT;Projetos;Sim;NÃO;1;02.01.0999 ;Serviços Prestados Consultoria ;;
SUSTENTABILIDADE;BA00000000055/0 - 40000000606;SUTENTABILIDADE - Programa de Adequação a NR 12 - até 5 máquinas;Consultoria - Inovação;SEBRAE - BAHIA;UAIT - UAIT;Projetos;Não;NÃO;1;02.01.0999 ;Serviços Prestados Consultoria ;;
SUSTENTABILIDADE;BA00000000056/0 - 40000000606;SUTENTABILIDADE - Programa de Adequação a NR 12 - 6 a 10 máquinas;Consultoria - Inovação;SEBRAE - BAHIA;UAIT - UAIT;Projetos;Não;NÃO;1;02.01.0999 ;Serviços Prestados Consultoria ;;
SUSTENTABILIDADE;BA00000000057/0 - 40000000606;SUTENTABILIDADE - Programa de Adequação a NR 12 - acima de 11 máquinas;Consultoria - Inovação;SEBRAE - BAHIA;UAIT - UAIT;Projetos;Não;NÃO;1;02.01.0999 ;Serviços Prestados Consultoria ;;
PROPRIEDADE INTELECTUAL- continuação;BA00000000058/0 - 40000000606;PROPRIEDADE INTELECTUAL - Clínica Tecnológica -Propriedade intelectual;Consultoria - Inovação;SEBRAE - BAHIA;UAIT - UAIT;Aprovado;Sim;NÃO;1;01.08.0010 ;Caixa de Som ;;
PROPRIEDADE INTELECTUAL;BA00000000058/0 - 40000000606;PROPRIEDADE INTELECTUAL - Clínica Tecnológica -Propriedade intelectual;Consultoria - Inovação;SEBRAE - BAHIA;UAIT - UAIT;Aprovado;Sim;NÃO;1;02.01.0046 ;Evento/Computador ;;
PROPRIEDADE INTELECTUAL;BA00000000058/0 - 40000000606;PROPRIEDADE INTELECTUAL - Clínica Tecnológica -Propriedade intelectual;Consultoria - Inovação;SEBRAE - BAHIA;UAIT - UAIT;Aprovado;Sim;NÃO;1;02.01.0054 ;Evento/Flip Chart ;;
PROPRIEDADE INTELECTUAL- continuação;BA00000000058/0 - 40000000606;PROPRIEDADE INTELECTUAL - Clínica Tecnológica -Propriedade intelectual;Consultoria - Inovação;SEBRAE - BAHIA;UAIT - UAIT;Aprovado;Sim;NÃO;1;02.01.0263 ;Evento/Projetor multimídia com rack - Tipo 1 ;;
PROPRIEDADE INTELECTUAL;BA00000000058/0 - 40000000606;PROPRIEDADE INTELECTUAL - Clínica Tecnológica -Propriedade intelectual;Consultoria - Inovação;SEBRAE - BAHIA;UAIT - UAIT;Aprovado;Sim;NÃO;20;01.02.0179;Expediente/Papel Flip Chart;;
PROPRIEDADE INTELECTUAL;BA00000000058/0 - 40000000606;PROPRIEDADE INTELECTUAL - Clínica Tecnológica -Propriedade intelectual;Consultoria - Inovação;SEBRAE - BAHIA;UAIT - UAIT;Aprovado;Sim;NÃO;2;01.02.0120;Expediente/Pincel Atômico Espessura  2/4.5/8 mm - Azul;;
PROPRIEDADE INTELECTUAL;BA00000000058/0 - 40000000606;PROPRIEDADE INTELECTUAL - Clínica Tecnológica -Propriedade intelectual;Consultoria - Inovação;SEBRAE - BAHIA;UAIT - UAIT;Aprovado;Sim;NÃO;2;01.02.0190;Expediente/Pincel Atômico Espessura  2/4.5/8 mm - Preto;;
PROPRIEDADE INTELECTUAL;BA00000000058/0 - 40000000606;PROPRIEDADE INTELECTUAL - Clínica Tecnológica -Propriedade intelectual;Consultoria - Inovação;SEBRAE - BAHIA;UAIT - UAIT;Aprovado;Sim;NÃO;1;01.02.0345;Expediente/Pincel Atômico Espessura  2/4.5/8 mm - Verde;;
PROPRIEDADE INTELECTUAL;BA00000000058/0 - 40000000606;PROPRIEDADE INTELECTUAL - Clínica Tecnológica -Propriedade intelectual;Consultoria - Inovação;SEBRAE - BAHIA;UAIT - UAIT;Aprovado;Sim;NÃO;1;01.02.0346;Expediente/Pincel Atômico Espessura  2/4.5/8 mm - Vermelha;;
PROPRIEDADE INTELECTUAL;BA00000000058/0 - 40000000606;PROPRIEDADE INTELECTUAL - Clínica Tecnológica -Propriedade intelectual;Consultoria - Inovação;SEBRAE - BAHIA;UAIT - UAIT;Aprovado;Sim;NÃO;1;02.01.0999 ;Serviços Prestados Consultoria ;;
PROPRIEDADE INTELECTUAL;BA00000000058/0 - 40000000606;PROPRIEDADE INTELECTUAL - Clínica Tecnológica -Propriedade intelectual;Consultoria - Inovação;SEBRAE - BAHIA;UAIT - UAIT;Aprovado;Sim;NÃO;1;01.06.0585;Soluções de Inovação/Guia do Educador- clinica tecnológica;;
PROPRIEDADE INTELECTUAL;BA00000000058/0 - 40000000606;PROPRIEDADE INTELECTUAL - Clínica Tecnológica -Propriedade intelectual;Consultoria - Inovação;SEBRAE - BAHIA;UAIT - UAIT;Aprovado;Sim;NÃO;1;01.06.0606;Soluções de Inovação/SLIDE PARA APRESENTAÇÃO;;
PROPRIEDADE INTELECTUAL- continuação;BA00000000058/0 - 40000000606;PROPRIEDADE INTELECTUAL - Clínica Tecnológica -Propriedade intelectual;Consultoria - Inovação;SEBRAE - BAHIA;UAIT - UAIT;Aprovado;Sim;NÃO;1;01.08.0057 ;Tela de Projeção ;;
PROPRIEDADE INTELECTUAL;BA00000000058/0 - 40000000606;PROPRIEDADE INTELECTUAL - Clínica Tecnológica -Propriedade intelectual;Consultoria - Inovação;SEBRAE - BAHIA;UAIT - UAIT;Aprovado;Sim;SIM;1;02.01.0493;Gráfica/Certificado - Matriz- Produto Sustentavel;;
PROPRIEDADE INTELECTUAL;BA00000000058/0 - 40000000606;PROPRIEDADE INTELECTUAL - Clínica Tecnológica -Propriedade intelectual;Consultoria - Inovação;SEBRAE - BAHIA;UAIT - UAIT;Aprovado;Sim;SIM;1;01.02.0037;Expediente/Crachá Plástico com Prendedor - PCT 50;;
PROPRIEDADE INTELECTUAL;BA00000000058/0 - 40000000606;PROPRIEDADE INTELECTUAL - Clínica Tecnológica -Propriedade intelectual;Consultoria - Inovação;SEBRAE - BAHIA;UAIT - UAIT;Aprovado;Sim;SIM;1;02.01.0487;Gráfica/Bloco de Anotação - Matriz - Produto Sustentável;;
PROPRIEDADE INTELECTUAL;BA00000000058/0 - 40000000606;PROPRIEDADE INTELECTUAL - Clínica Tecnológica -Propriedade intelectual;Consultoria - Inovação;SEBRAE - BAHIA;UAIT - UAIT;Aprovado;Sim;SIM;1;02.01.0485;Gráfica/Cartão para Crachá - Matriz - Produto Sustentável;;
PROPRIEDADE INTELECTUAL;BA00000000058/0 - 40000000606;PROPRIEDADE INTELECTUAL - Clínica Tecnológica -Propriedade intelectual;Consultoria - Inovação;SEBRAE - BAHIA;UAIT - UAIT;Aprovado;Sim;SIM;1;01.06.0237;Matriz/Caneta - Produto Sustentável;;
SUSTENTABILIDADE- continuação;BA00000000060/0 - 40000000606;SUSTENTABILIDADE - Clínica Tecnológica - Sustentabilidade;Consultoria - Inovação;SEBRAE - BAHIA;UAIT - UAIT;Aprovado;Não;NÃO;1;01.08.0010 ;Caixa de Som ;;
SUSTENTABILIDADE;BA00000000060/0 - 40000000606;SUSTENTABILIDADE - Clínica Tecnológica - Sustentabilidade;Consultoria - Inovação;SEBRAE - BAHIA;UAIT - UAIT;Aprovado;Não;NÃO;1;02.01.0046 ;Evento/Computador ;;
SUSTENTABILIDADE;BA00000000060/0 - 40000000606;SUSTENTABILIDADE - Clínica Tecnológica - Sustentabilidade;Consultoria - Inovação;SEBRAE - BAHIA;UAIT - UAIT;Aprovado;Não;NÃO;1;02.01.0054 ;Evento/Flip Chart ;;
SUSTENTABILIDADE- continuação;BA00000000060/0 - 40000000606;SUSTENTABILIDADE - Clínica Tecnológica - Sustentabilidade;Consultoria - Inovação;SEBRAE - BAHIA;UAIT - UAIT;Aprovado;Não;NÃO;1;02.01.0263 ;Evento/Projetor multimídia com rack - Tipo 1 ;;
SUSTENTABILIDADE;BA00000000060/0 - 40000000606;SUSTENTABILIDADE - Clínica Tecnológica - Sustentabilidade;Consultoria - Inovação;SEBRAE - BAHIA;UAIT - UAIT;Aprovado;Não;NÃO;20;01.02.0179;Expediente/Papel Flip Chart;;
SUSTENTABILIDADE;BA00000000060/0 - 40000000606;SUSTENTABILIDADE - Clínica Tecnológica - Sustentabilidade;Consultoria - Inovação;SEBRAE - BAHIA;UAIT - UAIT;Aprovado;Não;NÃO;2;01.02.0120;Expediente/Pincel Atômico Espessura  2/4.5/8 mm - Azul;;
SUSTENTABILIDADE;BA00000000060/0 - 40000000606;SUSTENTABILIDADE - Clínica Tecnológica - Sustentabilidade;Consultoria - Inovação;SEBRAE - BAHIA;UAIT - UAIT;Aprovado;Não;NÃO;2;01.02.0190;Expediente/Pincel Atômico Espessura  2/4.5/8 mm - Preto;;
SUSTENTABILIDADE;BA00000000060/0 - 40000000606;SUSTENTABILIDADE - Clínica Tecnológica - Sustentabilidade;Consultoria - Inovação;SEBRAE - BAHIA;UAIT - UAIT;Aprovado;Não;NÃO;1;01.02.0345;Expediente/Pincel Atômico Espessura  2/4.5/8 mm - Verde;;
SUSTENTABILIDADE;BA00000000060/0 - 40000000606;SUSTENTABILIDADE - Clínica Tecnológica - Sustentabilidade;Consultoria - Inovação;SEBRAE - BAHIA;UAIT - UAIT;Aprovado;Não;NÃO;1;01.02.0346;Expediente/Pincel Atômico Espessura  2/4.5/8 mm - Vermelha;;
SUSTENTABILIDADE;BA00000000060/0 - 40000000606;SUSTENTABILIDADE - Clínica Tecnológica - Sustentabilidade;Consultoria - Inovação;SEBRAE - BAHIA;UAIT - UAIT;Aprovado;Não;NÃO;1;02.01.0999 ;Serviços Prestados Consultoria ;;
SUSTENTABILIDADE;BA00000000060/0 - 40000000606;SUSTENTABILIDADE - Clínica Tecnológica - Sustentabilidade;Consultoria - Inovação;SEBRAE - BAHIA;UAIT - UAIT;Aprovado;Não;NÃO;1;01.06.0585;Soluções de Inovação/Guia do Educador- clinica tecnológica;;
SUSTENTABILIDADE;BA00000000060/0 - 40000000606;SUSTENTABILIDADE - Clínica Tecnológica - Sustentabilidade;Consultoria - Inovação;SEBRAE - BAHIA;UAIT - UAIT;Aprovado;Não;NÃO;1;01.06.0606;Soluções de Inovação/SLIDE PARA APRESENTAÇÃO;;
SUSTENTABILIDADE- continuação;BA00000000060/0 - 40000000606;SUSTENTABILIDADE - Clínica Tecnológica - Sustentabilidade;Consultoria - Inovação;SEBRAE - BAHIA;UAIT - UAIT;Aprovado;Não;NÃO;1;01.08.0057 ;Tela de Projeção ;;
SUSTENTABILIDADE;BA00000000060/0 - 40000000606;SUSTENTABILIDADE - Clínica Tecnológica - Sustentabilidade;Consultoria - Inovação;SEBRAE - BAHIA;UAIT - UAIT;Aprovado;Não;SIM;1;02.01.0502;Gráfica/Certificado - Matriz- Produto Sustentavel;;
SUSTENTABILIDADE;BA00000000060/0 - 40000000606;SUSTENTABILIDADE - Clínica Tecnológica - Sustentabilidade;Consultoria - Inovação;SEBRAE - BAHIA;UAIT - UAIT;Aprovado;Não;SIM;1;01.02.0037;Expediente/Crachá Plástico com Prendedor - PCT 50;;
SUSTENTABILIDADE;BA00000000060/0 - 40000000606;SUSTENTABILIDADE - Clínica Tecnológica - Sustentabilidade;Consultoria - Inovação;SEBRAE - BAHIA;UAIT - UAIT;Aprovado;Não;SIM;1;02.01.0487;Gráfica/Bloco de Anotação - Matriz - Produto Sustentável;;
SUSTENTABILIDADE;BA00000000060/0 - 40000000606;SUSTENTABILIDADE - Clínica Tecnológica - Sustentabilidade;Consultoria - Inovação;SEBRAE - BAHIA;UAIT - UAIT;Aprovado;Não;SIM;1;02.01.0485;Gráfica/Cartão para Crachá - Matriz - Produto Sustentável;;
SUSTENTABILIDADE;BA00000000060/0 - 40000000606;SUSTENTABILIDADE - Clínica Tecnológica - Sustentabilidade;Consultoria - Inovação;SEBRAE - BAHIA;UAIT - UAIT;Aprovado;Não;SIM;1;01.06.0237;Matriz/Caneta - Produto Sustentável;;
PRODUTIVIDADE;BA00000000061/0 - 40000000606;PRODUTIVIDADE - Clínica Tecnológica - Produtividade;Consultoria - Inovação;SEBRAE - BAHIA;UAIT - UAIT;Aprovado;Sim;SIM;1;02.01.0489;Gráfica/Certificado - Matriz- Produto Sustentavel;;
PRODUTIVIDADE;BA00000000061/0 - 40000000606;PRODUTIVIDADE - Clínica Tecnológica - Produtividade;Consultoria - Inovação;SEBRAE - BAHIA;UAIT - UAIT;Aprovado;Sim;SIM;1;01.02.0037;Expediente/Crachá Plástico com Prendedor - PCT 50;;
PRODUTIVIDADE;BA00000000061/0 - 40000000606;PRODUTIVIDADE - Clínica Tecnológica - Produtividade;Consultoria - Inovação;SEBRAE - BAHIA;UAIT - UAIT;Aprovado;Sim;SIM;1;02.01.0487;Gráfica/Bloco de Anotação - Matriz - Produto Sustentável;;
PRODUTIVIDADE;BA00000000061/0 - 40000000606;PRODUTIVIDADE - Clínica Tecnológica - Produtividade;Consultoria - Inovação;SEBRAE - BAHIA;UAIT - UAIT;Aprovado;Sim;SIM;1;02.01.0485;Gráfica/Cartão para Crachá - Matriz - Produto Sustentável;;
PRODUTIVIDADE;BA00000000061/0 - 40000000606;PRODUTIVIDADE - Clínica Tecnológica - Produtividade;Consultoria - Inovação;SEBRAE - BAHIA;UAIT - UAIT;Aprovado;Sim;SIM;1;01.06.0237;Matriz/Caneta - Produto Sustentável;;
PRODUTIVIDADE-  continuação;BA00000000061/0 - 40000000606;PRODUTIVIDADE - Clínica Tecnológica - Produtividade;Consultoria - Inovação;SEBRAE - BAHIA;UAIT - UAIT;Aprovado;Sim;NÃO;1;01.08.0010 ;Caixa de Som ;;
PRODUTIVIDADE;BA00000000061/0 - 40000000606;PRODUTIVIDADE - Clínica Tecnológica - Produtividade;Consultoria - Inovação;SEBRAE - BAHIA;UAIT - UAIT;Aprovado;Sim;NÃO;1;02.01.0046 ;Evento/Computador ;;
PRODUTIVIDADE;BA00000000061/0 - 40000000606;PRODUTIVIDADE - Clínica Tecnológica - Produtividade;Consultoria - Inovação;SEBRAE - BAHIA;UAIT - UAIT;Aprovado;Sim;NÃO;1;02.01.0054 ;Evento/Flip Chart ;;
PRODUTIVIDADE-  continuação;BA00000000061/0 - 40000000606;PRODUTIVIDADE - Clínica Tecnológica - Produtividade;Consultoria - Inovação;SEBRAE - BAHIA;UAIT - UAIT;Aprovado;Sim;NÃO;1;02.01.0263 ;Evento/Projetor multimídia com rack - Tipo 1 ;;
PRODUTIVIDADE;BA00000000061/0 - 40000000606;PRODUTIVIDADE - Clínica Tecnológica - Produtividade;Consultoria - Inovação;SEBRAE - BAHIA;UAIT - UAIT;Aprovado;Sim;NÃO;20;01.02.0179;Expediente/Papel Flip Chart;;
PRODUTIVIDADE;BA00000000061/0 - 40000000606;PRODUTIVIDADE - Clínica Tecnológica - Produtividade;Consultoria - Inovação;SEBRAE - BAHIA;UAIT - UAIT;Aprovado;Sim;NÃO;2;01.02.0120;Expediente/Pincel Atômico Espessura  2/4.5/8 mm - Azul;;
PRODUTIVIDADE;BA00000000061/0 - 40000000606;PRODUTIVIDADE - Clínica Tecnológica - Produtividade;Consultoria - Inovação;SEBRAE - BAHIA;UAIT - UAIT;Aprovado;Sim;NÃO;2;01.02.0190;Expediente/Pincel Atômico Espessura  2/4.5/8 mm - Preto;;
PRODUTIVIDADE;BA00000000061/0 - 40000000606;PRODUTIVIDADE - Clínica Tecnológica - Produtividade;Consultoria - Inovação;SEBRAE - BAHIA;UAIT - UAIT;Aprovado;Sim;NÃO;1;01.02.0345;Expediente/Pincel Atômico Espessura  2/4.5/8 mm - Verde;;
PRODUTIVIDADE;BA00000000061/0 - 40000000606;PRODUTIVIDADE - Clínica Tecnológica - Produtividade;Consultoria - Inovação;SEBRAE - BAHIA;UAIT - UAIT;Aprovado;Sim;NÃO;1;01.02.0346;Expediente/Pincel Atômico Espessura  2/4.5/8 mm - Vermelha;;
PRODUTIVIDADE;BA00000000061/0 - 40000000606;PRODUTIVIDADE - Clínica Tecnológica - Produtividade;Consultoria - Inovação;SEBRAE - BAHIA;UAIT - UAIT;Aprovado;Sim;NÃO;1;02.01.0999 ;Serviços Prestados Consultoria ;;
PRODUTIVIDADE;BA00000000061/0 - 40000000606;PRODUTIVIDADE - Clínica Tecnológica - Produtividade;Consultoria - Inovação;SEBRAE - BAHIA;UAIT - UAIT;Aprovado;Sim;NÃO;1;01.06.0585;Soluções de Inovação/Guia do Educador- clinica tecnológica;;
PRODUTIVIDADE;BA00000000061/0 - 40000000606;PRODUTIVIDADE - Clínica Tecnológica - Produtividade;Consultoria - Inovação;SEBRAE - BAHIA;UAIT - UAIT;Aprovado;Sim;NÃO;1;01.06.0606;Soluções de Inovação/SLIDE PARA APRESENTAÇÃO;;
PRODUTIVIDADE-  continuação;BA00000000061/0 - 40000000606;PRODUTIVIDADE - Clínica Tecnológica - Produtividade;Consultoria - Inovação;SEBRAE - BAHIA;UAIT - UAIT;Aprovado;Sim;NÃO;1;01.08.0057 ;Tela de Projeção ;;
INOVAÇÃO;BA00000000061/1 VERIFICAR;INOVAÇÃO - Clínica Tecnológica - Inovação;Consultoria - Inovação;SEBRAE - BAHIA;UAIT - UAIT;Aprovado;Sim;SIM;1;02.01.0486;Gráfica/Certificado - Matriz- Produto Sustentavel;;
INOVAÇÃO;BA00000000061/1 VERIFICAR;INOVAÇÃO - Clínica Tecnológica - Inovação;Consultoria - Inovação;SEBRAE - BAHIA;UAIT - UAIT;Aprovado;Sim;SIM;1;01.02.0037;Expediente/Crachá Plástico com Prendedor - PCT 50;;
INOVAÇÃO;BA00000000061/1 VERIFICAR;INOVAÇÃO - Clínica Tecnológica - Inovação;Consultoria - Inovação;SEBRAE - BAHIA;UAIT - UAIT;Aprovado;Sim;SIM;1;02.01.0487;Gráfica/Bloco de Anotação - Matriz - Produto Sustentável;;
INOVAÇÃO;BA00000000061/1 VERIFICAR;INOVAÇÃO - Clínica Tecnológica - Inovação;Consultoria - Inovação;SEBRAE - BAHIA;UAIT - UAIT;Aprovado;Sim;SIM;1;02.01.0485;Gráfica/Cartão para Crachá - Matriz - Produto Sustentável;;
INOVAÇÃO;BA00000000061/1 VERIFICAR;INOVAÇÃO - Clínica Tecnológica - Inovação;Consultoria - Inovação;SEBRAE - BAHIA;UAIT - UAIT;Aprovado;Sim;SIM;1;01.06.0237;Matriz/Caneta - Produto Sustentável;;
INOVAÇÃO- continuação;BA00000000061/1 VERIFICAR;INOVAÇÃO - Clínica Tecnológica - Inovação;Consultoria - Inovação;SEBRAE - BAHIA;UAIT - UAIT;Aprovado;Sim;NÃO;1;01.08.0010 ;Caixa de Som ;;
INOVAÇÃO;BA00000000061/1 VERIFICAR;INOVAÇÃO - Clínica Tecnológica - Inovação;Consultoria - Inovação;SEBRAE - BAHIA;UAIT - UAIT;Aprovado;Sim;NÃO;1;02.01.0046 ;Evento/Computador ;;
INOVAÇÃO;BA00000000061/1 VERIFICAR;INOVAÇÃO - Clínica Tecnológica - Inovação;Consultoria - Inovação;SEBRAE - BAHIA;UAIT - UAIT;Aprovado;Sim;NÃO;1;02.01.0054 ;Evento/Flip Chart ;;
INOVAÇÃO- continuação;BA00000000061/1 VERIFICAR;INOVAÇÃO - Clínica Tecnológica - Inovação;Consultoria - Inovação;SEBRAE - BAHIA;UAIT - UAIT;Aprovado;Sim;NÃO;1;02.01.0263 ;Evento/Projetor multimídia com rack - Tipo 1 ;;
INOVAÇÃO;BA00000000061/1 VERIFICAR;INOVAÇÃO - Clínica Tecnológica - Inovação;Consultoria - Inovação;SEBRAE - BAHIA;UAIT - UAIT;Aprovado;Sim;NÃO;20;01.02.0179;Expediente/Papel Flip Chart;;
INOVAÇÃO;BA00000000061/1 VERIFICAR;INOVAÇÃO - Clínica Tecnológica - Inovação;Consultoria - Inovação;SEBRAE - BAHIA;UAIT - UAIT;Aprovado;Sim;NÃO;2;01.02.0120;Expediente/Pincel Atômico Espessura  2/4.5/8 mm - Azul;;
INOVAÇÃO;BA00000000061/1 VERIFICAR;INOVAÇÃO - Clínica Tecnológica - Inovação;Consultoria - Inovação;SEBRAE - BAHIA;UAIT - UAIT;Aprovado;Sim;NÃO;2;01.02.0190;Expediente/Pincel Atômico Espessura  2/4.5/8 mm - Preto;;
INOVAÇÃO;BA00000000061/1 VERIFICAR;INOVAÇÃO - Clínica Tecnológica - Inovação;Consultoria - Inovação;SEBRAE - BAHIA;UAIT - UAIT;Aprovado;Sim;NÃO;1;01.02.0345;Expediente/Pincel Atômico Espessura  2/4.5/8 mm - Verde;;
INOVAÇÃO;BA00000000061/1 VERIFICAR;INOVAÇÃO - Clínica Tecnológica - Inovação;Consultoria - Inovação;SEBRAE - BAHIA;UAIT - UAIT;Aprovado;Sim;NÃO;1;01.02.0346;Expediente/Pincel Atômico Espessura  2/4.5/8 mm - Vermelha;;
INOVAÇÃO;BA00000000061/1 VERIFICAR;INOVAÇÃO - Clínica Tecnológica - Inovação;Consultoria - Inovação;SEBRAE - BAHIA;UAIT - UAIT;Aprovado;Sim;NÃO;1;02.01.0999 ;Serviços Prestados Consultoria ;;
INOVAÇÃO;BA00000000061/1 VERIFICAR;INOVAÇÃO - Clínica Tecnológica - Inovação;Consultoria - Inovação;SEBRAE - BAHIA;UAIT - UAIT;Aprovado;Sim;NÃO;1;01.06.0585;Soluções de Inovação/Guia do Educador- clinica tecnológica;;
INOVAÇÃO;BA00000000061/1 VERIFICAR;INOVAÇÃO - Clínica Tecnológica - Inovação;Consultoria - Inovação;SEBRAE - BAHIA;UAIT - UAIT;Aprovado;Sim;NÃO;1;01.06.0606;Soluções de Inovação/SLIDE PARA APRESENTAÇÃO;;
INOVAÇÃO- continuação;BA00000000061/1 VERIFICAR;INOVAÇÃO - Clínica Tecnológica - Inovação;Consultoria - Inovação;SEBRAE - BAHIA;UAIT - UAIT;Aprovado;Sim;NÃO;1;01.08.0057 ;Tela de Projeção ;;
DESIGN;BA00000000062/0 - 40000000606;DESIGN - Clínica Tecnológica - Design;Consultoria - Inovação;SEBRAE - BAHIA;UAIT - UAIT;Aprovado;Sim;SIM;1;02.01.0485;Gráfica/Certificado - Matriz- Produto Sustentavel;;
DESIGN;BA00000000062/0 - 40000000606;DESIGN - Clínica Tecnológica - Design;Consultoria - Inovação;SEBRAE - BAHIA;UAIT - UAIT;Aprovado;Sim;SIM;1;01.02.0037;Expediente/Crachá Plástico com Prendedor - PCT 50;;
DESIGN;BA00000000062/0 - 40000000606;DESIGN - Clínica Tecnológica - Design;Consultoria - Inovação;SEBRAE - BAHIA;UAIT - UAIT;Aprovado;Sim;SIM;1;02.01.0487;Gráfica/Bloco de Anotação - Matriz - Produto Sustentável;;
DESIGN;BA00000000062/0 - 40000000606;DESIGN - Clínica Tecnológica - Design;Consultoria - Inovação;SEBRAE - BAHIA;UAIT - UAIT;Aprovado;Sim;SIM;1;02.01.0485;Gráfica/Cartão para Crachá - Matriz - Produto Sustentável;;
DESIGN;BA00000000062/0 - 40000000606;DESIGN - Clínica Tecnológica - Design;Consultoria - Inovação;SEBRAE - BAHIA;UAIT - UAIT;Aprovado;Sim;SIM;1;01.06.0237;Matriz/Caneta - Produto Sustentável;;
DESIGN- continuação;BA00000000062/0 - 40000000606;DESIGN - Clínica Tecnológica - Design;Consultoria - Inovação;SEBRAE - BAHIA;UAIT - UAIT;Aprovado;Sim;NÃO;1;01.08.0010 ;Caixa de Som ;;
DESIGN;BA00000000062/0 - 40000000606;DESIGN - Clínica Tecnológica - Design;Consultoria - Inovação;SEBRAE - BAHIA;UAIT - UAIT;Aprovado;Sim;NÃO;1;02.01.0046 ;Evento/Computador ;;
DESIGN;BA00000000062/0 - 40000000606;DESIGN - Clínica Tecnológica - Design;Consultoria - Inovação;SEBRAE - BAHIA;UAIT - UAIT;Aprovado;Sim;NÃO;1;02.01.0054 ;Evento/Flip Chart ;;
DESIGN- continuação;BA00000000062/0 - 40000000606;DESIGN - Clínica Tecnológica - Design;Consultoria - Inovação;SEBRAE - BAHIA;UAIT - UAIT;Aprovado;Sim;NÃO;1;02.01.0263 ;Evento/Projetor multimídia com rack - Tipo 1 ;;
DESIGN;BA00000000062/0 - 40000000606;DESIGN - Clínica Tecnológica - Design;Consultoria - Inovação;SEBRAE - BAHIA;UAIT - UAIT;Aprovado;Sim;NÃO;20;01.02.0179;Expediente/Papel Flip Chart;;
DESIGN;BA00000000062/0 - 40000000606;DESIGN - Clínica Tecnológica - Design;Consultoria - Inovação;SEBRAE - BAHIA;UAIT - UAIT;Aprovado;Sim;NÃO;2;01.02.0120;Expediente/Pincel Atômico Espessura  2/4.5/8 mm - Azul;;
DESIGN;BA00000000062/0 - 40000000606;DESIGN - Clínica Tecnológica - Design;Consultoria - Inovação;SEBRAE - BAHIA;UAIT - UAIT;Aprovado;Sim;NÃO;2;01.02.0190;Expediente/Pincel Atômico Espessura  2/4.5/8 mm - Preto;;
DESIGN;BA00000000062/0 - 40000000606;DESIGN - Clínica Tecnológica - Design;Consultoria - Inovação;SEBRAE - BAHIA;UAIT - UAIT;Aprovado;Sim;NÃO;1;01.02.0345;Expediente/Pincel Atômico Espessura  2/4.5/8 mm - Verde;;
DESIGN;BA00000000062/0 - 40000000606;DESIGN - Clínica Tecnológica - Design;Consultoria - Inovação;SEBRAE - BAHIA;UAIT - UAIT;Aprovado;Sim;NÃO;1;01.02.0346;Expediente/Pincel Atômico Espessura  2/4.5/8 mm - Vermelha;;
DESIGN;BA00000000062/0 - 40000000606;DESIGN - Clínica Tecnológica - Design;Consultoria - Inovação;SEBRAE - BAHIA;UAIT - UAIT;Aprovado;Sim;NÃO;1;02.01.0999 ;Serviços Prestados Consultoria ;;
DESIGN;BA00000000062/0 - 40000000606;DESIGN - Clínica Tecnológica - Design;Consultoria - Inovação;SEBRAE - BAHIA;UAIT - UAIT;Aprovado;Sim;NÃO;1;01.06.0585;Soluções de Inovação/Guia do Educador- clinica tecnológica;;
DESIGN;BA00000000062/0 - 40000000606;DESIGN - Clínica Tecnológica - Design;Consultoria - Inovação;SEBRAE - BAHIA;UAIT - UAIT;Aprovado;Sim;NÃO;1;01.06.0606;Soluções de Inovação/SLIDE PARA APRESENTAÇÃO;;
DESIGN- continuação;BA00000000062/0 - 40000000606;DESIGN - Clínica Tecnológica - Design;Consultoria - Inovação;SEBRAE - BAHIA;UAIT - UAIT;Aprovado;Sim;NÃO;1;01.08.0057 ;Tela de Projeção ;;
QUALIDADE- continuação;BA00000000066/0 - 40000000606;QUALIDADE - Clínica Tecnológica - Qualidade;Consultoria - Inovação;SEBRAE - BAHIA;UAIT - UAIT;Aprovado;Sim;NÃO;1;01.08.0010 ;Caixa de Som ;;
QUALIDADE;BA00000000066/0 - 40000000606;QUALIDADE - Clínica Tecnológica - Qualidade;Consultoria - Inovação;SEBRAE - BAHIA;UAIT - UAIT;Aprovado;Sim;NÃO;1;02.01.0046 ;Evento/Computador ;;
QUALIDADE;BA00000000066/0 - 40000000606;QUALIDADE - Clínica Tecnológica - Qualidade;Consultoria - Inovação;SEBRAE - BAHIA;UAIT - UAIT;Aprovado;Sim;NÃO;1;02.01.0054 ;Evento/Flip Chart ;;
QUALIDADE- continuação;BA00000000066/0 - 40000000606;QUALIDADE - Clínica Tecnológica - Qualidade;Consultoria - Inovação;SEBRAE - BAHIA;UAIT - UAIT;Aprovado;Sim;NÃO;1;02.01.0263 ;Evento/Projetor multimídia com rack - Tipo 1 ;;
QUALIDADE;BA00000000066/0 - 40000000606;QUALIDADE - Clínica Tecnológica - Qualidade;Consultoria - Inovação;SEBRAE - BAHIA;UAIT - UAIT;Aprovado;Sim;NÃO;20;01.02.0179;Expediente/Papel Flip Chart;;
QUALIDADE;BA00000000066/0 - 40000000606;QUALIDADE - Clínica Tecnológica - Qualidade;Consultoria - Inovação;SEBRAE - BAHIA;UAIT - UAIT;Aprovado;Sim;NÃO;2;01.02.0120;Expediente/Pincel Atômico Espessura  2/4.5/8 mm - Azul;;
QUALIDADE;BA00000000066/0 - 40000000606;QUALIDADE - Clínica Tecnológica - Qualidade;Consultoria - Inovação;SEBRAE - BAHIA;UAIT - UAIT;Aprovado;Sim;NÃO;2;01.02.0190;Expediente/Pincel Atômico Espessura  2/4.5/8 mm - Preto;;
QUALIDADE;BA00000000066/0 - 40000000606;QUALIDADE - Clínica Tecnológica - Qualidade;Consultoria - Inovação;SEBRAE - BAHIA;UAIT - UAIT;Aprovado;Sim;NÃO;1;01.02.0345;Expediente/Pincel Atômico Espessura  2/4.5/8 mm - Verde;;
QUALIDADE;BA00000000066/0 - 40000000606;QUALIDADE - Clínica Tecnológica - Qualidade;Consultoria - Inovação;SEBRAE - BAHIA;UAIT - UAIT;Aprovado;Sim;NÃO;1;01.02.0346;Expediente/Pincel Atômico Espessura  2/4.5/8 mm - Vermelha;;
QUALIDADE;BA00000000066/0 - 40000000606;QUALIDADE - Clínica Tecnológica - Qualidade;Consultoria - Inovação;SEBRAE - BAHIA;UAIT - UAIT;Aprovado;Sim;NÃO;1;02.01.0999 ;Serviços Prestados Consultoria ;;
QUALIDADE;BA00000000066/0 - 40000000606;QUALIDADE - Clínica Tecnológica - Qualidade;Consultoria - Inovação;SEBRAE - BAHIA;UAIT - UAIT;Aprovado;Sim;NÃO;1;01.06.0585;Soluções de Inovação/Guia do Educador- clinica tecnológica;;
QUALIDADE;BA00000000066/0 - 40000000606;QUALIDADE - Clínica Tecnológica - Qualidade;Consultoria - Inovação;SEBRAE - BAHIA;UAIT - UAIT;Aprovado;Sim;NÃO;1;01.06.0606;Soluções de Inovação/SLIDE PARA APRESENTAÇÃO;;
QUALIDADE- continuação;BA00000000066/0 - 40000000606;QUALIDADE - Clínica Tecnológica - Qualidade;Consultoria - Inovação;SEBRAE - BAHIA;UAIT - UAIT;Aprovado;Sim;NÃO;1;01.08.0057 ;Tela de Projeção ;;
QUALIDADE;BA00000000066/0 - 40000000606;QUALIDADE - Clínica Tecnológica - Qualidade;Consultoria - Inovação;SEBRAE - BAHIA;UAIT - UAIT;Aprovado;Sim;SIM;1;02.01.0498;Gráfica/Certificado - Matriz- Produto Sustentavel;;
QUALIDADE;BA00000000066/0 - 40000000606;QUALIDADE - Clínica Tecnológica - Qualidade;Consultoria - Inovação;SEBRAE - BAHIA;UAIT - UAIT;Aprovado;Sim;SIM;1;01.02.0037;Expediente/Crachá Plástico com Prendedor - PCT 50;;
QUALIDADE;BA00000000066/0 - 40000000606;QUALIDADE - Clínica Tecnológica - Qualidade;Consultoria - Inovação;SEBRAE - BAHIA;UAIT - UAIT;Aprovado;Sim;SIM;1;02.01.0487;Gráfica/Bloco de Anotação - Matriz - Produto Sustentável;;
QUALIDADE;BA00000000066/0 - 40000000606;QUALIDADE - Clínica Tecnológica - Qualidade;Consultoria - Inovação;SEBRAE - BAHIA;UAIT - UAIT;Aprovado;Sim;SIM;1;02.01.0485;Gráfica/Cartão para Crachá - Matriz - Produto Sustentável;;
QUALIDADE;BA00000000066/0 - 40000000606;QUALIDADE - Clínica Tecnológica - Qualidade;Consultoria - Inovação;SEBRAE - BAHIA;UAIT - UAIT;Aprovado;Sim;SIM;1;01.06.0237;Matriz/Caneta - Produto Sustentável;;
QUALIDADE;BA00000000068/0 - 40000000606;QUALIDADE - PAS Leite;Consultoria - Inovação;SEBRAE - BAHIA;UAIT - UAIT;Aprovado;Sim;NÃO;1;02.01.0999 ;Serviços Prestados Consultoria ;;
QUALIDADE;BA00000000069/0 - 40000000606;QUALIDADE - Certificação em produtos orgânicos;Consultoria - Inovação;SEBRAE - BAHIA;UAIT - UAIT;Projetos;Sim;NÃO;1;02.01.0999 ;Serviços Prestados Consultoria ;;
SUSTENTABILIDADE;BA00000000070/0 - 40000000606;SUSTENTABILIDADE - Saúde e Segurança do Trabalho para a área de Saúde;Consultoria - Inovação;SEBRAE - BAHIA;UAIT - UAIT;Aprovado;Sim;NÃO;1;02.01.0999 ;Serviços Prestados Consultoria ;;
QUALIDADE;BA00000000072/0 - 40000000606;QUALIDADE - Avaliação de tempo de vida de prateleira;Consultoria - Inovação;SEBRAE - BAHIA;UAIT - UAIT;Projetos;Sim;NÃO;1;02.01.0999 ;Serviços Prestados Consultoria ;;
SERVIÇOS DIGITAIS;BA00000000073/0 -40000000606;TECNOLOGIA DE INFORMAÇÃO E COMUNICAÇÃO - Implantação de Comércio Eletrônico;Consultoria - Inovação;SEBRAE - BAHIA;UAIT - UAIT;Aprovado;Sim;NÃO;1;02.01.0999 ;Serviços Prestados Consultoria ;;
QUALIDADE;BA00000000077/0 - 40000000606;QUALIDADE - Rotulagem de alimentos e bebidas;Consultoria - Inovação;SEBRAE - BAHIA;UAIT - UAIT;Aprovado;Sim;NÃO;1;02.01.0999 ;Serviços Prestados Consultoria ;;
DESIGN;BA00000000083/0 - 40000000606;DESIGN Design Identidade Corporativa;Consultoria - Inovação;SEBRAE - BAHIA;UAIT - UAIT;Aprovado;Sim;NÃO;1;02.01.0999 ;Serviços Prestados Consultoria ;;
QUALIDADE;BA00000000084/0 - 40000000606;QUALIDADE - Certificação de boas práticas agrícolas;Consultoria - Inovação;SEBRAE - BAHIA;UAIT - UAIT;Projetos;Sim;NÃO;1;02.01.0999 ;Serviços Prestados Consultoria ;;
DESIGN;BA00000000085/0 - 40000000606;DESIGN -Design de Ambientes;Consultoria - Inovação;SEBRAE - BAHIA;UAIT - UAIT;Aprovado;Sim;NÃO;1;02.01.0999 ;Serviços Prestados Consultoria ;;
DESIGN;BA00000000087/0 - 40000000606;DESIGN - Design de Produto;Consultoria - Inovação;SEBRAE - BAHIA;UAIT - UAIT;Aprovado;Sim;NÃO;1;02.01.0999 ;Serviços Prestados Consultoria ;;
PRODUTIVIDADE;BA00000000089/0 - 40000000606;PRODUTIVIDADE - Avaliação e Melhoria de Layout;Consultoria - Inovação;SEBRAE - BAHIA;UAIT - UAIT;Aprovado;Sim;NÃO;1;02.01.0999 ;Serviços Prestados Consultoria ;;
QUALIDADE;BA00000000098/0 - 40000000606;QUALIDADE - Boas práticas agropecuárias;Consultoria - Inovação;SEBRAE - BAHIA;UAIT - UAIT;Projetos;Sim;NÃO;1;02.01.0999 ;Serviços Prestados Consultoria ;;
SERVIÇOS DIGITAIS- continuação;BA00000000106/0 - 40000000606;TECNOLOGIA DE INFORMAÇÃO E COMUNICAÇÃO - Clínica tecnológica - Serviços digitais;Consultoria - Inovação;SEBRAE - BAHIA;UAIT - UAIT;Aprovado;Sim;NÃO;1;01.08.0010 ;Caixa de Som ;;
SERVIÇOS DIGITAIS;BA00000000106/0 - 40000000606;TECNOLOGIA DE INFORMAÇÃO E COMUNICAÇÃO - Clínica tecnológica - Serviços digitais;Consultoria - Inovação;SEBRAE - BAHIA;UAIT - UAIT;Aprovado;Sim;NÃO;1;02.01.0046 ;Evento/Computador ;;
SERVIÇOS DIGITAIS;BA00000000106/0 - 40000000606;TECNOLOGIA DE INFORMAÇÃO E COMUNICAÇÃO - Clínica tecnológica - Serviços digitais;Consultoria - Inovação;SEBRAE - BAHIA;UAIT - UAIT;Aprovado;Sim;NÃO;1;02.01.0054 ;Evento/Flip Chart ;;
SERVIÇOS DIGITAIS- continuação;BA00000000106/0 - 40000000606;TECNOLOGIA DE INFORMAÇÃO E COMUNICAÇÃO - Clínica tecnológica - Serviços digitais;Consultoria - Inovação;SEBRAE - BAHIA;UAIT - UAIT;Aprovado;Sim;NÃO;1;02.01.0263 ;Evento/Projetor multimídia com rack - Tipo 1 ;;
SERVIÇOS DIGITAIS;BA00000000106/0 - 40000000606;TECNOLOGIA DE INFORMAÇÃO E COMUNICAÇÃO - Clínica tecnológica - Serviços digitais;Consultoria - Inovação;SEBRAE - BAHIA;UAIT - UAIT;Aprovado;Sim;NÃO;20;01.02.0179;Expediente/Papel Flip Chart;;
SERVIÇOS DIGITAIS;BA00000000106/0 - 40000000606;TECNOLOGIA DE INFORMAÇÃO E COMUNICAÇÃO - Clínica tecnológica - Serviços digitais;Consultoria - Inovação;SEBRAE - BAHIA;UAIT - UAIT;Aprovado;Sim;NÃO;2;01.02.0120;Expediente/Pincel Atômico Espessura  2/4.5/8 mm - Azul;;
SERVIÇOS DIGITAIS;BA00000000106/0 - 40000000606;TECNOLOGIA DE INFORMAÇÃO E COMUNICAÇÃO - Clínica tecnológica - Serviços digitais;Consultoria - Inovação;SEBRAE - BAHIA;UAIT - UAIT;Aprovado;Sim;NÃO;2;01.02.0190;Expediente/Pincel Atômico Espessura  2/4.5/8 mm - Preto;;
SERVIÇOS DIGITAIS;BA00000000106/0 - 40000000606;TECNOLOGIA DE INFORMAÇÃO E COMUNICAÇÃO - Clínica tecnológica - Serviços digitais;Consultoria - Inovação;SEBRAE - BAHIA;UAIT - UAIT;Aprovado;Sim;NÃO;1;01.02.0345;Expediente/Pincel Atômico Espessura  2/4.5/8 mm - Verde;;
SERVIÇOS DIGITAIS;BA00000000106/0 - 40000000606;TECNOLOGIA DE INFORMAÇÃO E COMUNICAÇÃO - Clínica tecnológica - Serviços digitais;Consultoria - Inovação;SEBRAE - BAHIA;UAIT - UAIT;Aprovado;Sim;NÃO;1;01.02.0346;Expediente/Pincel Atômico Espessura  2/4.5/8 mm - Vermelha;;
SERVIÇOS DIGITAIS;BA00000000106/0 - 40000000606;TECNOLOGIA DE INFORMAÇÃO E COMUNICAÇÃO - Clínica tecnológica - Serviços digitais;Consultoria - Inovação;SEBRAE - BAHIA;UAIT - UAIT;Aprovado;Sim;NÃO;1;02.01.0999 ;Serviços Prestados Consultoria ;;
SERVIÇOS DIGITAIS;BA00000000106/0 - 40000000606;TECNOLOGIA DE INFORMAÇÃO E COMUNICAÇÃO - Clínica tecnológica - Serviços digitais;Consultoria - Inovação;SEBRAE - BAHIA;UAIT - UAIT;Aprovado;Sim;NÃO;1;01.06.0585;Soluções de Inovação/Guia do Educador- clinica tecnológica;;
SERVIÇOS DIGITAIS;BA00000000106/0 - 40000000606;TECNOLOGIA DE INFORMAÇÃO E COMUNICAÇÃO - Clínica tecnológica - Serviços digitais;Consultoria - Inovação;SEBRAE - BAHIA;UAIT - UAIT;Aprovado;Sim;NÃO;1;01.06.0606;Soluções de Inovação/SLIDE PARA APRESENTAÇÃO;;
SERVIÇOS DIGITAIS- continuação;BA00000000106/0 - 40000000606;TECNOLOGIA DE INFORMAÇÃO E COMUNICAÇÃO - Clínica tecnológica - Serviços digitais;Consultoria - Inovação;SEBRAE - BAHIA;UAIT - UAIT;Aprovado;Sim;NÃO;1;01.08.0057 ;Tela de Projeção ;;
SERVIÇOS DIGITAIS;BA00000000106/0 - 40000000606;TECNOLOGIA DE INFORMAÇÃO E COMUNICAÇÃO - Clínica tecnológica - Serviços digitais;Consultoria - Inovação;SEBRAE - BAHIA;UAIT - UAIT;Aprovado;Sim;SIM;1;02.01.0504;Gráfica/Certificado - Matriz- Produto Sustentavel;;
SERVIÇOS DIGITAIS;BA00000000106/0 - 40000000606;TECNOLOGIA DE INFORMAÇÃO E COMUNICAÇÃO - Clínica tecnológica - Serviços digitais;Consultoria - Inovação;SEBRAE - BAHIA;UAIT - UAIT;Aprovado;Sim;SIM;1;01.02.0037;Expediente/Crachá Plástico com Prendedor - PCT 50;;
SERVIÇOS DIGITAIS;BA00000000106/0 - 40000000606;TECNOLOGIA DE INFORMAÇÃO E COMUNICAÇÃO - Clínica tecnológica - Serviços digitais;Consultoria - Inovação;SEBRAE - BAHIA;UAIT - UAIT;Aprovado;Sim;SIM;1;02.01.0487;Gráfica/Bloco de Anotação - Matriz - Produto Sustentável;;
SERVIÇOS DIGITAIS;BA00000000106/0 - 40000000606;TECNOLOGIA DE INFORMAÇÃO E COMUNICAÇÃO - Clínica tecnológica - Serviços digitais;Consultoria - Inovação;SEBRAE - BAHIA;UAIT - UAIT;Aprovado;Sim;SIM;1;02.01.0485;Gráfica/Cartão para Crachá - Matriz - Produto Sustentável;;
SERVIÇOS DIGITAIS;BA00000000106/0 - 40000000606;TECNOLOGIA DE INFORMAÇÃO E COMUNICAÇÃO - Clínica tecnológica - Serviços digitais;Consultoria - Inovação;SEBRAE - BAHIA;UAIT - UAIT;Aprovado;Sim;SIM;1;01.06.0237;Matriz/Caneta - Produto Sustentável;;
SUSTENTABILIDADE;BA00000000109/0 - 40000000606;SUSTENTABILIDADE - NR 36 - Segurança e Saúde no Trabalho em Empresas de Abate e Processamento de Carnes e Derivados;Consultoria - Inovação;SEBRAE - BAHIA;UAIT - UAIT;Aprovado;Sim;NÃO;1;02.01.0999 ;Serviços Prestados Consultoria ;;
PRODUTIVIDADE;BA00000000110/0 - 40000000606;PRODUTIVIDADE - Fábrica Modelo Brasil -MÉDIA COMPLEXIDADE;Consultoria - Inovação;SEBRAE - BAHIA;UAIT - UAIT;Aprovado;Sim;NÃO;1;02.01.0999 ;Serviços Prestados Consultoria ;;
PRODUTIVIDADE;BA00000000112/0 - 40000000606;PRODUTIVIDADE - Fábrica Modelo Brasil - BAIXA COMPLEXIDADE;Consultoria - Inovação;SEBRAE - BAHIA;UAIT - UAIT;Aprovado;Sim;NÃO;1;02.01.0999 ;Serviços Prestados Consultoria ;;
QUALIDADE;BA00000000114/0 - 40000000606;"QUALIDADE - Implantação do sistema de gestão de qualidade em cerâmica para qualificação PSQ;";Consultoria - Inovação;SEBRAE - BAHIA;UAIT - UAIT;Projetos;Sim;NÃO;1;02.01.0999 ;Serviços Prestados Consultoria ;;
SUSTENTABILIDADE;BA00000000115/0 - 40000000606;SUSTENTABILIDADE - Ergonomia - Programa de Adequação a NR 17;Consultoria - Inovação;SEBRAE - BAHIA;UAIT - UAIT;Aprovado;Sim;NÃO;1;02.01.0999 ;Serviços Prestados Consultoria ;;
QUALIDADE;BA00000000116/0 - 40000000606;QUALIDADE - Melhoramento genético de rebanho - Transferência de embriões - Fertilização In Vitro;Consultoria - Inovação;SEBRAE - BAHIA;UAIT - UAIT;Projetos;Sim;NÃO;1;02.01.0999 ;Serviços Prestados Consultoria ;;
QUALIDADE;BA00000000117/0 - 40000000606;QUALIDADE - Ensaios em Telhas Cerâmicas para a Avaliação da Conformidade / PSQ;Consultoria - Inovação;SEBRAE - BAHIA;UAIT - UAIT;Projetos;Sim;NÃO;1;02.01.0999 ;Serviços Prestados Consultoria ;;
SUSTENTABILIDADE;BA00000000118/0 - 40000000606;SUSTENTABILIDADE - Avaliação da Exposição Ocupacional ao Calor;Consultoria - Inovação;SEBRAE - BAHIA;UAIT - UAIT;Aprovado;Sim;NÃO;1;02.01.0999 ;Serviços Prestados Consultoria ;;
SUSTENTABILIDADE;BA00000000119/0 -  40000000606;SUSTENTABILIDADE - Avaliação da Exposição Ocupacional a Agentes Químicos;Consultoria - Inovação;SEBRAE - BAHIA;UAIT - UAIT;Aprovado;Sim;NÃO;1;02.01.0999 ;Serviços Prestados Consultoria ;;
SUSTENTABILIDADE;BA00000000120/0 - 40000000606;SUSTENTABILIDADE - Avaliação da Exposição Ocupacional ao Ruído - Avaliação Individual;Consultoria - Inovação;SEBRAE - BAHIA;UAIT - UAIT;Aprovado;Sim;NÃO;1;02.01.0999 ;Serviços Prestados Consultoria ;;
SUSTENTABILIDADE;BA00000000687/0 - 40000000606;SUSTENTABILIDADE -Plano de emergência - projetos até 100m2;Consultoria - Inovação;SEBRAE - BAHIA;UAIT - UAIT;Aprovado;Sim;NÃO;1;02.01.0999 ;Serviços Prestados Consultoria ;;
PROPRIEDADE INTELECTUAL;BA00000000690/0 - 40000000606;PROPRIEDADE INTELECTUAL - Desenho industrial;Consultoria - Inovação;SEBRAE - BAHIA;UAIT - UAIT;Aprovado;Sim;NÃO;1;02.01.0999 ;Serviços Prestados Consultoria ;;
PRODUTIVIDADE;BA00000000693/0 - 40000000606;PRODUTIVIDADE - Implantação de código de barras;Consultoria - Inovação;SEBRAE - BAHIA;UAIT - UAIT;Aprovado;Sim;NÃO;1;02.01.0999 ;Serviços Prestados Consultoria ;;
QUALIDADE;BA00000000694/0 - 40000000606;QUALIDADE - Implantação Orientada PAS  Distribuição;Consultoria - Inovação;SEBRAE - BAHIA;UAIT - UAIT;Aprovado;Sim;NÃO;1;02.01.0999 ;Serviços Prestados Consultoria ;;
QUALIDADE;BA00000000695/0 - 40000000606;QUALIDADE - Implantação Orientada PAS  Indústria;Consultoria - Inovação;SEBRAE - BAHIA;UAIT - UAIT;Aprovado;Sim;NÃO;1;02.01.0999 ;Serviços Prestados Consultoria ;;
SUSTENTABILIDADE;BA00000000705/0 - 40000000606;SUSTENTABILIDADE - Plano de emergência - projetos de 450 a 749m2;Consultoria - Inovação;SEBRAE - BAHIA;UAIT - UAIT;Aprovado;Sim;NÃO;1;02.01.0999 ;Serviços Prestados Consultoria ;;
QUALIDADE;BA00000000707/0 - 40000000606;QUALIDADE - DIAGNÓSTICO DE LOJA SEBRAE - DLS;Consultoria - Inovação;SEBRAE - BAHIA;UAIT - UAIT;Aprovado;Sim;NÃO;1;02.01.0999 ;Serviços Prestados Consultoria ;;
QUALIDADE;BA00000000707/0 - 40000000606;QUALIDADE - DIAGNÓSTICO DE LOJA SEBRAE - DLS;Consultoria - Inovação;SEBRAE - BAHIA;UAIT - UAIT;Aprovado;Sim;NÃO;;01.06.0578;Soluções de Inovação/Formulário de Coleta de Dados Atendimento ao Cliente -DLS;;
QUALIDADE;BA00000000707/0 - 40000000606;QUALIDADE - DIAGNÓSTICO DE LOJA SEBRAE - DLS;Consultoria - Inovação;SEBRAE - BAHIA;UAIT - UAIT;Aprovado;Sim;NÃO;;01.06.0579;"Soluções de Inovação/Formulário de Coleta de Dados
Estrutura Física e Gestão Empresarial -DLS";;
SUSTENTABILIDADE;BA00000000708/0 - 40000000606;SUSTENTABILIDADE - Plano de emergência - projetos acima de 750m2;Consultoria - Inovação;SEBRAE - BAHIA;UAIT - UAIT;Aprovado;Sim;NÃO;1;02.01.0999 ;Serviços Prestados Consultoria ;;
INOVAÇÃO;BA00000000710/0 - 40000000606;INOVAÇÃO - WORKSHOP DE INOVAÇÃO;Oficina - Inovação;SEBRAE - BAHIA;UAIT - UAIT;Aprovado;Sim;SIM;1;02.01.0488;Gráfica/Certificado - Matriz- Produto Sustentavel;;
INOVAÇÃO;BA00000000710/0 - 40000000606;INOVAÇÃO - WORKSHOP DE INOVAÇÃO;Oficina - Inovação;SEBRAE - BAHIA;UAIT - UAIT;Aprovado;Sim;SIM;1;01.02.0037;Expediente/Crachá Plástico com Prendedor - PCT 50;;
INOVAÇÃO;BA00000000710/0 - 40000000606;INOVAÇÃO - WORKSHOP DE INOVAÇÃO;Oficina - Inovação;SEBRAE - BAHIA;UAIT - UAIT;Aprovado;Sim;SIM;1;02.01.0487;Gráfica/Bloco de Anotação - Matriz - Produto Sustentável;;
INOVAÇÃO;BA00000000710/0 - 40000000606;INOVAÇÃO - WORKSHOP DE INOVAÇÃO;Oficina - Inovação;SEBRAE - BAHIA;UAIT - UAIT;Aprovado;Sim;SIM;1;02.01.0485;Gráfica/Cartão para Crachá - Matriz - Produto Sustentável;;
INOVAÇÃO;BA00000000710/0 - 40000000606;INOVAÇÃO - WORKSHOP DE INOVAÇÃO;Oficina - Inovação;SEBRAE - BAHIA;UAIT - UAIT;Aprovado;Sim;SIM;1;01.06.0237;Matriz/Caneta - Produto Sustentável;;
INOVAÇÃO- continuação;BA00000000710/0 - 40000000606;INOVAÇÃO - WORKSHOP DE INOVAÇÃO;Oficina - Inovação;SEBRAE - BAHIA;UAIT - UAIT;Aprovado;Sim;NÃO;1;01.08.0010 ;Caixa de Som ;;
INOVAÇÃO;BA00000000710/0 - 40000000606;INOVAÇÃO - WORKSHOP DE INOVAÇÃO;Oficina - Inovação;SEBRAE - BAHIA;UAIT - UAIT;Aprovado;Sim;NÃO;1;02.01.0046 ;Evento/Computador ;;
INOVAÇÃO;BA00000000710/0 - 40000000606;INOVAÇÃO - WORKSHOP DE INOVAÇÃO;Oficina - Inovação;SEBRAE - BAHIA;UAIT - UAIT;Aprovado;Sim;NÃO;1;02.01.0054 ;Evento/Flip Chart ;;
INOVAÇÃO- continuação;BA00000000710/0 - 40000000606;INOVAÇÃO - WORKSHOP DE INOVAÇÃO;Oficina - Inovação;SEBRAE - BAHIA;UAIT - UAIT;Aprovado;Sim;NÃO;1;02.01.0263 ;Evento/Projetor multimídia com rack - Tipo 1 ;;
INOVAÇÃO;BA00000000710/0 - 40000000606;INOVAÇÃO - WORKSHOP DE INOVAÇÃO;Oficina - Inovação;SEBRAE - BAHIA;UAIT - UAIT;Aprovado;Sim;NÃO;5;01.02.0016;Expediente/Borracha - Bicolor - Macia 52x18x7 mm;;
INOVAÇÃO;BA00000000710/0 - 40000000606;INOVAÇÃO - WORKSHOP DE INOVAÇÃO;Oficina - Inovação;SEBRAE - BAHIA;UAIT - UAIT;Aprovado;Sim;NÃO;2;01.02.0256;Expediente/Cola Líquida Branca - 90gr;;
INOVAÇÃO;BA00000000710/0 - 40000000606;INOVAÇÃO - WORKSHOP DE INOVAÇÃO;Oficina - Inovação;SEBRAE - BAHIA;UAIT - UAIT;Aprovado;Sim;NÃO;2;01.02.0313;Expediente/Fita Adesiva - Crepe - 19x50;;
INOVAÇÃO;BA00000000710/0 - 40000000606;INOVAÇÃO - WORKSHOP DE INOVAÇÃO;Oficina - Inovação;SEBRAE - BAHIA;UAIT - UAIT;Aprovado;Sim;NÃO;10;01.02.0222;Expediente/Hidrocor - 12 Cores;;
INOVAÇÃO;BA00000000710/0 - 40000000606;INOVAÇÃO - WORKSHOP DE INOVAÇÃO;Oficina - Inovação;SEBRAE - BAHIA;UAIT - UAIT;Aprovado;Sim;NÃO;10;01.02.0070;Expediente/Lápis Apontado - Preto - nº 02;;
INOVAÇÃO;BA00000000710/0 - 40000000606;INOVAÇÃO - WORKSHOP DE INOVAÇÃO;Oficina - Inovação;SEBRAE - BAHIA;UAIT - UAIT;Aprovado;Sim;NÃO;10;01.02.0090;Expediente/Papel Cartolina - Amarela;;
INOVAÇÃO;BA00000000710/0 - 40000000606;INOVAÇÃO - WORKSHOP DE INOVAÇÃO;Oficina - Inovação;SEBRAE - BAHIA;UAIT - UAIT;Aprovado;Sim;NÃO;20;01.02.0179;Expediente/Papel Flip Chart;;
INOVAÇÃO;BA00000000710/0 - 40000000606;INOVAÇÃO - WORKSHOP DE INOVAÇÃO;Oficina - Inovação;SEBRAE - BAHIA;UAIT - UAIT;Aprovado;Sim;NÃO;2;01.02.0120;Expediente/Pincel Atômico Espessura  2/4.5/8 mm - Azul;;
INOVAÇÃO;BA00000000710/0 - 40000000606;INOVAÇÃO - WORKSHOP DE INOVAÇÃO;Oficina - Inovação;SEBRAE - BAHIA;UAIT - UAIT;Aprovado;Sim;NÃO;2;01.02.0190;Expediente/Pincel Atômico Espessura  2/4.5/8 mm - Preto;;
INOVAÇÃO;BA00000000710/0 - 40000000606;INOVAÇÃO - WORKSHOP DE INOVAÇÃO;Oficina - Inovação;SEBRAE - BAHIA;UAIT - UAIT;Aprovado;Sim;NÃO;1;01.02.0345;Expediente/Pincel Atômico Espessura  2/4.5/8 mm - Verde;;
INOVAÇÃO;BA00000000710/0 - 40000000606;INOVAÇÃO - WORKSHOP DE INOVAÇÃO;Oficina - Inovação;SEBRAE - BAHIA;UAIT - UAIT;Aprovado;Sim;NÃO;1;01.02.0346;Expediente/Pincel Atômico Espessura  2/4.5/8 mm - Vermelha;;
INOVAÇÃO;BA00000000710/0 - 40000000606;INOVAÇÃO - WORKSHOP DE INOVAÇÃO;Oficina - Inovação;SEBRAE - BAHIA;UAIT - UAIT;Aprovado;Sim;NÃO;5;01.02.0129;Expediente/Régua Plástica - Transparente - 30 cm;;
INOVAÇÃO;BA00000000710/0 - 40000000606;INOVAÇÃO - WORKSHOP DE INOVAÇÃO;Oficina - Inovação;SEBRAE - BAHIA;UAIT - UAIT;Aprovado;Sim;NÃO;5;01.02.0135;Expediente/Tesoura Escolar - 15cm;;
INOVAÇÃO;BA00000000710/0 - 40000000606;INOVAÇÃO - WORKSHOP DE INOVAÇÃO;Oficina - Inovação;SEBRAE - BAHIA;UAIT - UAIT;Aprovado;Sim;NÃO;1;02.01.0999 ;Serviços Prestados Consultoria ;;
INOVAÇÃO;BA00000000710/0 - 40000000606;INOVAÇÃO - WORKSHOP DE INOVAÇÃO;Oficina - Inovação;SEBRAE - BAHIA;UAIT - UAIT;Aprovado;Sim;NÃO;1;01.06.0559;Soluções de Inovação/ Mat. Dinâmica- 01;;
INOVAÇÃO;BA00000000710/0 - 40000000606;INOVAÇÃO - WORKSHOP DE INOVAÇÃO;Oficina - Inovação;SEBRAE - BAHIA;UAIT - UAIT;Aprovado;Sim;NÃO;1;01.06.0594;Soluções de Inovação/Guia do Educador-WORKSHOP DE INOVAÇÃO;;
INOVAÇÃO;BA00000000710/0 - 40000000606;INOVAÇÃO - WORKSHOP DE INOVAÇÃO;Oficina - Inovação;SEBRAE - BAHIA;UAIT - UAIT;Aprovado;Sim;NÃO;1;01.06.0606;Soluções de Inovação/SLIDE PARA APRESENTAÇÃO;;
INOVAÇÃO- continuação;BA00000000710/0 - 40000000606;INOVAÇÃO - WORKSHOP DE INOVAÇÃO;Oficina - Inovação;SEBRAE - BAHIA;UAIT - UAIT;Aprovado;Sim;NÃO;1;01.08.0057 ;Tela de Projeção ;;
PRODUTIVIDADE;BA00000000712/0 - BA00000000712;PRODUTIVIDADE - Programa Alavancagem e Inovação  PA&I ARTESANATO;Consultoria - Inovação;SEBRAE - BAHIA;UAIT - UAIT;Aprovado;Sim;NÃO;1;02.01.0999 ;Serviços Prestados Consultoria ;;
PRODUTIVIDADE;BA00000000712/0 - BA00000000713;PRODUTIVIDADE - Programa Alavancagem e Inovação  PA&I ARTESANATO;Consultoria - Inovação;SEBRAE - BAHIA;UAIT - UAIT;Aprovado;Sim;SIM;1;02.01.0487;Gráfica/Bloco de Anotação - Matriz - Produto Sustentável;;
PRODUTIVIDADE;BA00000000712/0 - BA00000000714;PRODUTIVIDADE - Programa Alavancagem e Inovação  PA&I ARTESANATO;Consultoria - Inovação;SEBRAE - BAHIA;UAIT - UAIT;Aprovado;Sim;SIM;1;01.06.0237;Matriz/Caneta - Produto Sustentável;;
PRODUTIVIDADE;BA00000000712/0 - BA00000000715;PRODUTIVIDADE - Programa Alavancagem e Inovação  PA&I ARTESANATO;Consultoria - Inovação;SEBRAE - BAHIA;UAIT - UAIT;Aprovado;Sim;SIM;1;02.01.0485;Gráfica/Cartão para Crachá - Matriz - Produto Sustentável;;
PRODUTIVIDADE;BA00000000712/0 - BA00000000716;PRODUTIVIDADE - Programa Alavancagem e Inovação  PA&I ARTESANATO;Consultoria - Inovação;SEBRAE - BAHIA;UAIT - UAIT;Aprovado;Sim;SIM;1;01.02.0037;Expediente/Crachá Plástico com Prendedor - PCT 50;;
PRODUTIVIDADE;BA00000000712/0 - BA00000000717;PRODUTIVIDADE - Programa Alavancagem e Inovação  PA&I ARTESANATO;Consultoria - Inovação;SEBRAE - BAHIA;UAIT - UAIT;Aprovado;Sim;SIM;1;02.01.0491;Gráfica/Certificado - Matriz- Produto Sustentavel;;
PRODUTIVIDADE;BA00000000712/0 - BA00000000720;PRODUTIVIDADE - Programa Alavancagem e Inovação  PA&I ARTESANATO;Consultoria - Inovação;SEBRAE - BAHIA;UAIT - UAIT;Aprovado;Sim;NÃO;20;01.02.0179;Expediente/Papel Flip Chart;;
PRODUTIVIDADE;BA00000000712/0 - BA00000000721;PRODUTIVIDADE - Programa Alavancagem e Inovação  PA&I ARTESANATO;Consultoria - Inovação;SEBRAE - BAHIA;UAIT - UAIT;Aprovado;Sim;NÃO;1;01.06.0591;Soluções de Inovação/Guia do Educador- PA&I ARTESANATO;;
PRODUTIVIDADE;BA00000000712/0 - BA00000000724;PRODUTIVIDADE - Programa Alavancagem e Inovação  PA&I ARTESANATO;Consultoria - Inovação;SEBRAE - BAHIA;UAIT - UAIT;Aprovado;Sim;NÃO;2;01.02.0120;Expediente/Pincel Atômico Espessura  2/4.5/8 mm - Azul;;
PRODUTIVIDADE;BA00000000712/0 - BA00000000725;PRODUTIVIDADE - Programa Alavancagem e Inovação  PA&I ARTESANATO;Consultoria - Inovação;SEBRAE - BAHIA;UAIT - UAIT;Aprovado;Sim;NÃO;2;01.02.0190;Expediente/Pincel Atômico Espessura  2/4.5/8 mm - Preto;;
PRODUTIVIDADE;BA00000000712/0 - BA00000000726;PRODUTIVIDADE - Programa Alavancagem e Inovação  PA&I ARTESANATO;Consultoria - Inovação;SEBRAE - BAHIA;UAIT - UAIT;Aprovado;Sim;NÃO;1;01.02.0346;Expediente/Pincel Atômico Espessura  2/4.5/8 mm - Vermelha;;
PRODUTIVIDADE;BA00000000712/0 - BA00000000727;PRODUTIVIDADE - Programa Alavancagem e Inovação  PA&I ARTESANATO;Consultoria - Inovação;SEBRAE - BAHIA;UAIT - UAIT;Aprovado;Sim;NÃO;1;01.02.0345;Expediente/Pincel Atômico Espessura  2/4.5/8 mm - Verde;;
PRODUTIVIDADE;BA00000000712/0 - BA00000000728;PRODUTIVIDADE - Programa Alavancagem e Inovação  PA&I ARTESANATO;Consultoria - Inovação;SEBRAE - BAHIA;UAIT - UAIT;Aprovado;Sim;NÃO;1;01.06.0606;Soluções de Inovação/SLIDE PARA APRESENTAÇÃO;;
PRODUTIVIDADE;BA00000000712/0 - BA00000000729;PRODUTIVIDADE - Programa Alavancagem e Inovação  PA&I ARTESANATO;Consultoria - Inovação;SEBRAE - BAHIA;UAIT - UAIT;Aprovado;Sim;NÃO;1;02.01.0046 ;Evento/Computador ;;
PRODUTIVIDADE;BA00000000712/0 - BA00000000730;PRODUTIVIDADE - Programa Alavancagem e Inovação  PA&I ARTESANATO;Consultoria - Inovação;SEBRAE - BAHIA;UAIT - UAIT;Aprovado;Sim;NÃO;1;02.01.0054 ;Evento/Flip Chart ;;
PRODUTIVIDADE-  continuação;BA00000000712/0 - BA00000000730;PRODUTIVIDADE - Programa Alavancagem e Inovação  PA&I ARTESANATO;Consultoria - Inovação;SEBRAE - BAHIA;UAIT - UAIT;Aprovado;Sim;NÃO;1;02.01.0263 ;Evento/Projetor multimídia com rack - Tipo 1 ;;
PRODUTIVIDADE-  continuação;BA00000000712/0 - BA00000000731;PRODUTIVIDADE - Programa Alavancagem e Inovação  PA&I ARTESANATO;Consultoria - Inovação;SEBRAE - BAHIA;UAIT - UAIT;Aprovado;Sim;NÃO;1;01.08.0057 ;Tela de Projeção ;;
PRODUTIVIDADE-  continuação;BA00000000712/0 - BA00000000732;PRODUTIVIDADE - Programa Alavancagem e Inovação  PA&I ARTESANATO;Consultoria - Inovação;SEBRAE - BAHIA;UAIT - UAIT;Aprovado;Sim;NÃO;1;01.08.0010 ;Caixa de Som ;;
INOVAÇÃO;BA00000000713/0 - 40000000606;INOVAÇÃO - Oficina Caminhos da inovação;Consultoria - Inovação;SEBRAE - BAHIA;UAIT - UAIT;Aprovado;Sim;SIM;1;02.01.0487;Gráfica/Certificado - Matriz- Produto Sustentavel;;
INOVAÇÃO;BA00000000713/0 - 40000000606;INOVAÇÃO - Oficina Caminhos da inovação;Consultoria - Inovação;SEBRAE - BAHIA;UAIT - UAIT;Aprovado;Sim;SIM;1;01.02.0037;Expediente/Crachá Plástico com Prendedor - PCT 50;;
INOVAÇÃO;BA00000000713/0 - 40000000606;INOVAÇÃO - Oficina Caminhos da inovação;Consultoria - Inovação;SEBRAE - BAHIA;UAIT - UAIT;Aprovado;Sim;SIM;1;02.01.0487;Gráfica/Bloco de Anotação - Matriz - Produto Sustentável;;FALTA DETALHAMENTO DOS INSUMOS ESPECIFICOS
INOVAÇÃO;BA00000000713/0 - 40000000606;INOVAÇÃO - Oficina Caminhos da inovação;Consultoria - Inovação;SEBRAE - BAHIA;UAIT - UAIT;Aprovado;Sim;SIM;1;02.01.0485;Gráfica/Cartão para Crachá - Matriz - Produto Sustentável;;
INOVAÇÃO;BA00000000713/0 - 40000000606;INOVAÇÃO - Oficina Caminhos da inovação;Consultoria - Inovação;SEBRAE - BAHIA;UAIT - UAIT;Aprovado;Sim;SIM;1;01.06.0237;Matriz/Caneta - Produto Sustentável;;
INOVAÇÃO- continuação;BA00000000713/0 - 40000000606;INOVAÇÃO - Oficina Caminhos da inovação;Consultoria - Inovação;SEBRAE - BAHIA;UAIT - UAIT;Aprovado;Sim;NÃO;1;01.08.0010 ;Caixa de Som ;;
INOVAÇÃO;BA00000000713/0 - 40000000606;INOVAÇÃO - Oficina Caminhos da inovação;Consultoria - Inovação;SEBRAE - BAHIA;UAIT - UAIT;Aprovado;Sim;NÃO;1;02.01.0046 ;Evento/Computador ;;
INOVAÇÃO;BA00000000713/0 - 40000000606;INOVAÇÃO - Oficina Caminhos da inovação;Consultoria - Inovação;SEBRAE - BAHIA;UAIT - UAIT;Aprovado;Sim;NÃO;1;02.01.0054 ;Evento/Flip Chart ;;
INOVAÇÃO- continuação;BA00000000713/0 - 40000000606;INOVAÇÃO - Oficina Caminhos da inovação;Consultoria - Inovação;SEBRAE - BAHIA;UAIT - UAIT;Aprovado;Sim;NÃO;1;02.01.0263 ;Evento/Projetor multimídia com rack - Tipo 1 ;;
INOVAÇÃO;BA00000000713/0 - 40000000606;INOVAÇÃO - Oficina Caminhos da inovação;Consultoria - Inovação;SEBRAE - BAHIA;UAIT - UAIT;Aprovado;Sim;NÃO;20;01.02.0179;Expediente/Papel Flip Chart;;
INOVAÇÃO;BA00000000713/0 - 40000000606;INOVAÇÃO - Oficina Caminhos da inovação;Consultoria - Inovação;SEBRAE - BAHIA;UAIT - UAIT;Aprovado;Sim;NÃO;2;01.02.0120;Expediente/Pincel Atômico Espessura  2/4.5/8 mm - Azul;;
INOVAÇÃO;BA00000000713/0 - 40000000606;INOVAÇÃO - Oficina Caminhos da inovação;Consultoria - Inovação;SEBRAE - BAHIA;UAIT - UAIT;Aprovado;Sim;NÃO;2;01.02.0190;Expediente/Pincel Atômico Espessura  2/4.5/8 mm - Preto;;
INOVAÇÃO;BA00000000713/0 - 40000000606;INOVAÇÃO - Oficina Caminhos da inovação;Consultoria - Inovação;SEBRAE - BAHIA;UAIT - UAIT;Aprovado;Sim;NÃO;1;01.02.0345;Expediente/Pincel Atômico Espessura  2/4.5/8 mm - Verde;;
INOVAÇÃO;BA00000000713/0 - 40000000606;INOVAÇÃO - Oficina Caminhos da inovação;Consultoria - Inovação;SEBRAE - BAHIA;UAIT - UAIT;Aprovado;Sim;NÃO;1;01.02.0346;Expediente/Pincel Atômico Espessura  2/4.5/8 mm - Vermelha;;
INOVAÇÃO;BA00000000713/0 - 40000000606;INOVAÇÃO - Oficina Caminhos da inovação;Consultoria - Inovação;SEBRAE - BAHIA;UAIT - UAIT;Aprovado;Sim;NÃO;1;02.01.0999 ;Serviços Prestados Consultoria ;;
INOVAÇÃO- continuação;BA00000000713/0 - 40000000606;INOVAÇÃO - Oficina Caminhos da inovação;Consultoria - Inovação;SEBRAE - BAHIA;UAIT - UAIT;Aprovado;Sim;NÃO;10;01.06.0561;Soluções de Inovação/Anexo 10  Oficina: O Caminho da inovação na pequena empresa  da Ideia ao Resultado;;
INOVAÇÃO- continuação;BA00000000713/0 - 40000000606;INOVAÇÃO - Oficina Caminhos da inovação;Consultoria - Inovação;SEBRAE - BAHIA;UAIT - UAIT;Aprovado;Sim;NÃO;10;01.06.0562;Soluções de Inovação/Anexo 10 - plano de Negócios;;
INOVAÇÃO- continuação;BA00000000713/0 - 40000000606;INOVAÇÃO - Oficina Caminhos da inovação;Consultoria - Inovação;SEBRAE - BAHIA;UAIT - UAIT;Aprovado;Sim;NÃO;10;01.06.0563;Soluções de Inovação/Anexo 2 - Formulário de - Matriz FOFA;;
INOVAÇÃO- continuação;BA00000000713/0 - 40000000606;INOVAÇÃO - Oficina Caminhos da inovação;Consultoria - Inovação;SEBRAE - BAHIA;UAIT - UAIT;Aprovado;Sim;NÃO;10;01.06.0564;Soluções de Inovação/Anexo 3 - Perguntas Orientativas para Analise FOFA;;
INOVAÇÃO- continuação;BA00000000713/0 - 40000000606;INOVAÇÃO - Oficina Caminhos da inovação;Consultoria - Inovação;SEBRAE - BAHIA;UAIT - UAIT;Aprovado;Sim;NÃO;10;01.06.0565;Soluções de Inovação/Anexo 4 - Análise de Risco;;
INOVAÇÃO- continuação;BA00000000713/0 - 40000000606;INOVAÇÃO - Oficina Caminhos da inovação;Consultoria - Inovação;SEBRAE - BAHIA;UAIT - UAIT;Aprovado;Sim;NÃO;10;01.06.0566;Soluções de Inovação/Anexo 5- Toró de Palpites  ;;
INOVAÇÃO- continuação;BA00000000713/0 - 40000000606;INOVAÇÃO - Oficina Caminhos da inovação;Consultoria - Inovação;SEBRAE - BAHIA;UAIT - UAIT;Aprovado;Sim;NÃO;10;01.06.0567;Soluções de Inovação/Anexo 6 - C.2- ORIENTAÇÕES SOBRE AS ATIVIDADES DE EXPERIMENTAÇÃO RELATIVAS AO  1º ENCONTRO;;
INOVAÇÃO- continuação;BA00000000713/0 - 40000000606;INOVAÇÃO - Oficina Caminhos da inovação;Consultoria - Inovação;SEBRAE - BAHIA;UAIT - UAIT;Aprovado;Sim;NÃO;10;01.06.0568;Soluções de Inovação/Anexo 7-D.2- ORIENTAÇÕES SOBRE AS ATIVIDADES DE EXPERIMENTAÇÃO RELATIVAS AO 2º ENCONTRO;;
INOVAÇÃO- continuação;BA00000000713/0 - 40000000606;INOVAÇÃO - Oficina Caminhos da inovação;Consultoria - Inovação;SEBRAE - BAHIA;UAIT - UAIT;Aprovado;Sim;NÃO;10;01.06.0569;Soluções de Inovação/Anexo 8- E.2- ORIENTAÇÕES SOBRE AS ATIVIDADES DE EXPERIMENTAÇÃO RELATIVAS AO 3º ENCONTRO;;
INOVAÇÃO- continuação;BA00000000713/0 - 40000000606;INOVAÇÃO - Oficina Caminhos da inovação;Consultoria - Inovação;SEBRAE - BAHIA;UAIT - UAIT;Aprovado;Sim;NÃO;10;01.06.0570;Soluções de Inovação/Anexo 9 E.3- ROTEIRO PARA APRESENTAÇÃO DO ESTÁGIO ATUAL DA EXECUÇÃO DO PLANO DE AÇÕES (ANDAMENTO DA SOLUÇÃO PILOTO DA 1ª INOVAÇÃO) E AVALIAÇÃO DO PILOTO NO 4º ENCONTRO;;
INOVAÇÃO;BA00000000713/0 - 40000000606;INOVAÇÃO - Oficina Caminhos da inovação;Consultoria - Inovação;SEBRAE - BAHIA;UAIT - UAIT;Aprovado;Sim;NÃO;1;01.06.0584;Soluções de Inovação/Guia do Educador- Caminhos da inovação;;
INOVAÇÃO- continuação;BA00000000713/0 - 40000000606;INOVAÇÃO - Oficina Caminhos da inovação;Consultoria - Inovação;SEBRAE - BAHIA;UAIT - UAIT;Aprovado;Sim;NÃO;10;01.06.0603;Soluções de Inovação/MP-Oficina Caminhos da inovação;;
INOVAÇÃO;BA00000000713/0 - 40000000606;INOVAÇÃO - Oficina Caminhos da inovação;Consultoria - Inovação;SEBRAE - BAHIA;UAIT - UAIT;Aprovado;Sim;NÃO;1;01.06.0606;Soluções de Inovação/SLIDE PARA APRESENTAÇÃO;;
INOVAÇÃO- continuação;BA00000000713/0 - 40000000606;INOVAÇÃO - Oficina Caminhos da inovação;Consultoria - Inovação;SEBRAE - BAHIA;UAIT - UAIT;Aprovado;Sim;NÃO;1;01.08.0057 ;Tela de Projeção ;;
